"Price,Close,High,Low,Open,Volume"
"Ticker,AAPL,AAPL,AAPL,AAPL,AAPL"
"Date,,,,,"
"2015-01-02,24.214893341064453,24.68222562747745,23.776353422468404,24.671150729967486,212818400"
"2015-01-05,23.53272247314453,24.064285483437537,23.346676348927705,23.984550947403974,257142000"
"2015-01-06,23.534936904907227,23.794073292366384,23.173916188735014,23.59695227731193,263188400"
"2015-01-07,23.864946365356445,23.96461367890052,23.632387047364233,23.74312925787633,160423600"
"2015-01-08,24.78189468383789,24.8394811133024,24.075358755914475,24.192746932459276,237458000"
"2015-01-09,24.8084716796875,25.08311190198466,24.409799026520567,24.9546505259873,214798000"
"2015-01-12,24.19717025756836,24.945786907555252,24.09750295530747,24.939142646043436,198603200"
"2015-01-13,24.412012100219727,24.98344228730691,24.121868061955624,24.68000803529737,268367600"
"2015-01-14,24.31899070739746,24.47181381263504,24.03106027700955,24.150662070103355,195826400"
"2015-01-15,23.658967971801758,24.376577089070306,23.623531339856147,24.363288563314725,240056000"
"2015-01-16,23.475135803222656,23.82729694872675,23.300162889264197,23.7054798283151,314053200"
"2015-01-20,24.079792022705078,24.135163140605048,23.588096225386572,23.88488460623004,199599600"
"2015-01-21,24.26362419128418,24.598064521947254,23.980122652281484,24.130732158398505,194303600"
"2015-01-22,24.89484977722168,24.91035361942313,24.30127144897852,24.42087324158633,215185600"
"2015-01-23,25.0233097076416,25.193851962029953,24.702156295129555,24.872700239309875,185859200"
"2015-01-26,25.04989242553711,25.328963322038863,24.983448100517304,25.19164234666351,222460000"
"2015-01-27,24.17281150817871,24.912570412240157,24.148448084734664,24.89928019685748,382274800"
"2015-01-28,25.539371490478516,26.16174394651588,25.539371490478516,26.05321534893324,585908400"
"2015-01-29,26.33449935913086,26.398730047323408,25.59474047597541,25.76306911779753,337745600"
"2015-01-30,25.94911766052246,26.578132655604872,25.88045633543681,26.223757891488575,334982000"
"2015-02-02,26.274696350097656,26.39429814064602,25.709912088376672,26.146236669694193,250956400"
"2015-02-03,26.279125213623047,26.376577203589342,26.04878122769849,26.24590221463348,207662800"
"2015-02-04,26.480676651000977,26.6910878633719,26.203821126664508,26.2459037070971,280598800"
"2015-02-05,26.669687271118164,26.73417145961258,26.516259315856928,26.68747466730253,168984800"
"2015-02-06,26.445104598999023,26.738617841332328,26.338371739759072,26.68747462417415,174826400"
"2015-02-09,26.62075424194336,26.647436170546023,26.333911634242174,26.360595259305203,155559200"
"2015-02-10,27.132184982299805,27.161092674695414,26.718599709283218,26.720822072959173,248034000"
"2015-02-11,27.76813507080078,27.77702961636251,27.238922333336244,27.29895839530153,294247200"
"2015-02-12,28.119461059570312,28.346267722765855,27.921562092612835,28.030517303345807,297898000"
"2015-02-13,28.25732421875,28.301795249028654,27.939351432520557,28.301795249028654,217088800"
"2015-02-17,28.424095153808594,28.65757232057261,28.22174804975162,28.34849236119064,252609600"
"2015-02-18,28.621992111206055,28.63533308100466,28.33959580975443,28.379620415611313,179566800"
"2015-02-19,28.56195831298828,28.6909266937872,28.53527636969285,28.568628798812142,149449600"
"2015-02-20,28.79542350769043,28.79542350769043,28.473004386381607,28.599746957192966,195793600"
"2015-02-23,29.573686599731445,29.573686599731445,28.831009870851535,28.91105908307897,283896400"
"2015-02-24,29.38912582397461,29.707100278847857,29.16676729911174,29.560342838137128,276912400"
"2015-02-25,28.637556076049805,29.262386449737566,28.495246740191888,29.253490207727708,298846800"
"2015-02-26,29.000001907348633,29.10006257703535,28.152816368187036,28.637556382320206,365150000"
"2015-02-27,28.564176559448242,29.0333531655874,28.515257414321187,28.906607182415925,248059200"
"2015-03-02,28.704267501831055,28.968874747744586,28.528605721266338,28.73984568797058,192386800"
"2015-03-03,28.76430320739746,28.799881390989704,28.481906888632807,28.67536114133918,151265200"
"2015-03-04,28.58196449279785,28.80877114769695,28.533048736762723,28.70648812200263,126665200"
"2015-03-05,28.108341217041016,28.628659337495048,27.96380784031683,28.59085879639421,226068400"
"2015-03-06,28.150590896606445,28.76652330753673,28.074989807114648,28.55083525175208,291368400"
"2015-03-09,28.270668029785156,28.811001111095322,27.808161803975942,28.453001986590163,354114000"
"2015-03-10,27.685867309570312,28.288458858638602,27.527992921124646,28.10834895145407,275426400"
"2015-03-11,27.181114196777344,27.74368117108648,27.152208190133276,27.73923474562641,275756000"
"2015-03-12,27.672513961791992,27.772576302192864,27.045463075163788,27.1966669192814,193450800"
"2015-03-13,27.481285095214844,27.88375511761806,27.256704240700735,27.661396626562826,207309200"
"2015-03-16,27.7836971282959,27.7836971282959,27.321192683806192,27.54577357347837,143497200"
"2015-03-17,28.248430252075195,28.31069037432514,27.93935200486218,27.994941642079787,204092400"
"2015-03-18,28.566404342651367,28.71983229121008,28.099451708101018,28.23953698952777,261083600"
"2015-03-19,28.35071563720703,28.739843106737325,28.328480121097527,28.62866382972867,183238000"
"2015-03-20,27.99493980407715,28.550834443294974,27.830394963725297,28.517482020323033,274780400"
"2015-03-23,28.28622817993164,28.428537502319035,28.13280025254547,28.266216726686977,150838800"
"2015-03-24,28.170610427856445,28.470792489858958,28.141702725300167,28.2906842705343,131369200"
"2015-03-25,27.434595108032227,28.199509002111668,27.434595108032227,28.13724888449329,206620800"
"2015-03-26,27.625822067260742,27.768131384433865,27.261154229947007,27.296732407470724,190291600"
"2015-03-27,27.405698776245117,27.728118083263375,27.330097662888065,27.69921207459066,158184800"
"2015-03-30,28.099451065063477,28.10612155024622,27.57246068163208,27.58357928791074,188398800"
"2015-03-31,27.668075561523438,28.12613365015108,27.652510530253405,28.03718988726754,168362400"
"2015-04-01,27.6280517578125,27.821504320484593,27.37233906824674,27.754796072263535,162485600"
"2015-04-02,27.865976333618164,27.919341916192426,27.614711756555614,27.801492143796175,128880400"
"2015-04-06,28.31736183166504,28.35294001500725,27.645839737461767,27.676969799655623,148776000"
"2015-04-07,28.019405364990234,28.488580411799642,28.01273487897068,28.38184924256404,140049200"
"2015-04-08,27.928234100341797,28.1061216224908,27.78814882176073,27.98382373895572,149316800"
"2015-04-09,28.14170265197754,28.146150773802955,27.71922268747943,27.983828256403573,129936000"
"2015-04-10,28.26176643371582,28.28622600566424,27.85262758741642,28.00605380654829,160752000"
"2015-04-13,28.206180572509766,28.588639230734085,28.152814997705434,28.544164808218575,145460400"
"2015-04-14,28.08388328552246,28.30401775731362,27.997163593711978,28.239533579423085,102098400"
"2015-04-15,28.190624237060547,28.268449411082425,28.019408854212415,28.108352637292374,115881600"
"2015-04-16,28.054975509643555,28.261769011778117,28.041634540622283,28.0794350838232,113476000"
"2015-04-17,27.73923110961914,28.04830938065471,27.67474692190119,27.917118641010806,207828000"
"2015-04-20,28.372947692871094,28.488573380415158,27.832616404650924,27.921560154702245,188217200"
"2015-04-21,28.219526290893555,28.50636734678086,28.16615901385577,28.484133526040274,129740400"
"2015-04-22,28.59975242614746,28.65534205744874,28.088328836052234,28.237308640789045,150618000"
"2015-04-23,28.83323097229004,28.999999874384436,28.493022683451226,28.528600863532645,183083600"
"2015-04-24,28.968870162963867,29.04669700871143,28.73539301864322,29.015566948996813,178103600"
"2015-04-27,29.495868682861328,29.60260326009858,29.162330763072063,29.420267568677325,387816800"
"2015-04-28,29.0311279296875,29.916113892359117,28.81099516558888,29.898328196468167,475696000"
"2015-04-29,28.604202270507812,29.26015928080993,28.528601181683193,28.942188199206498,253544400"
"2015-04-30,27.82817268371582,28.604203542961915,27.701428378930867,28.604203542961915,332781600"
"2015-05-01,28.673126220703125,28.93551099968801,27.861519100303585,28.039404872031163,234050400"
"2015-05-04,28.61754608154297,29.033358897210668,28.5197077719741,28.795433608675246,203953200"
"2015-05-05,27.972705841064453,28.561954632389803,27.968257720114217,28.495246389824892,197085600"
"2015-05-06,27.79704475402832,28.1839481830708,27.430152781583676,28.141699512749295,288564000"
"2015-05-07,27.968969345092773,28.152064873884004,27.69209185000593,27.85955733500573,175763600"
"2015-05-08,28.495933532714844,28.495933532714844,28.15876914169282,28.286042868912773,222201600"
"2015-05-11,28.205657958984375,28.482533795746967,28.051589142485113,28.44457535513179,168143200"
"2015-05-12,28.105178833007812,28.330697825742963,27.870726438466505,28.04489029564702,192640000"
"2015-05-13,28.13644027709961,28.399919425982123,28.105180183465016,28.167700370734202,138776800"
"2015-05-14,28.79289436340332,28.79289436340332,28.39321162731524,28.449033447875188,180814000"
"2015-05-15,28.752716064453125,28.913483246079785,28.627675680320152,28.819702957980056,152832000"
"2015-05-18,29.069780349731445,29.18812237147555,28.661164094483212,28.66563079542484,203531600"
"2015-05-19,29.042985916137695,29.223848116196663,28.946970588357917,29.18142297650986,178532800"
"2015-05-20,29.040760040283203,29.24618404892048,28.879992832289595,29.027363340799653,145819600"
"2015-05-21,29.337726593017578,29.391316786883003,28.98939885062926,29.04298904449469,158921600"
"2015-05-22,29.594505310058594,29.690520646920238,29.339957854955138,29.38461805280413,182384000"
"2015-05-26,28.942506790161133,29.677124119570855,28.830863109091734,29.60790558244299,282790400"
"2015-05-27,29.48286247253418,29.53198596589671,29.03852279224789,29.103274629628586,183332800"
"2015-05-28,29.424806594848633,29.462765035348177,29.272972832850446,29.44266999162981,122933200"
"2015-05-29,29.08987808227539,29.351123894449234,29.005027792013937,29.302000400834167,203538000"
"2015-06-01,29.147930145263672,29.337725761952687,29.038521520643027,29.08987665887506,128451200"
"2015-06-02,29.018421173095703,29.17472161334342,28.875517426712925,28.99609107859143,134670400"
"2015-06-03,29.054155349731445,29.237252652834727,29.005031849244972,29.174732453505637,123934000"
"2015-06-04,28.88445472717285,29.15686559498538,28.783976090673622,28.933578221833795,153800400"
"2015-06-05,28.725914001464844,28.958134735546285,28.661162174075283,28.915709597179813,142507200"
"2015-06-08,28.536123275756836,28.850959248843054,28.319534279272943,28.781737310168158,210699200"
"2015-06-09,28.451276779174805,28.598647263681052,28.049360528202932,28.290509597367066,224301600"
"2015-06-10,28.777273178100586,28.87998344548777,28.54728578924955,28.562915834749408,156349200"
"2015-06-11,28.7125186920166,29.06754475059088,28.687956947940076,28.844257407020468,141563600"
"2015-06-12,28.395456314086914,28.654470498138785,28.38205961613511,28.62321040055288,147544800"
"2015-06-15,28.339622497558594,28.41107436236701,28.06944508051592,28.156526987515342,175955600"
"2015-06-16,28.49146270751953,28.547284539510578,28.216820248109983,28.364188998721836,125976400"
"2015-06-17,28.424484252929688,28.553989639077844,28.299442161288418,28.518264543999997,131672400"
"2015-06-18,28.553987503051758,28.65000113774058,28.40661872861507,28.408852079248966,141628800"
"2015-06-19,28.268177032470703,28.54058786108312,28.223520245685513,28.516026117287105,218867600"
"2015-06-22,28.493696212768555,28.594174829480085,28.37535420087142,28.46690111999015,136157200"
"2015-06-23,28.36419105529785,28.49369812375843,28.330697612965324,28.464671382295435,121075600"
"2015-06-24,28.6053409576416,28.98269710333946,28.384286970399828,28.404382013082174,221123600"
"2015-06-25,28.469139099121094,28.848726939023745,28.469139099121094,28.772810052462177,127752400"
"2015-06-26,28.301671981811523,28.578547822431265,28.248083494105483,28.507095937640774,176267200"
"2015-06-29,27.80597496032715,28.23915298841273,27.794811614338297,28.01363227545043,196645600"
"2015-06-30,28.00693702697754,28.161005869183608,27.879663284495695,28.03819712488202,177482800"
"2015-07-01,28.268177032470703,28.344095614262187,28.131971618164496,28.335163916195704,120955200"
"2015-07-02,28.23244857788086,28.28827040648088,28.082844782537077,28.230215227743695,108844000"
"2015-07-06,28.134206771850586,28.185563613137802,27.87742597250915,27.897522720333654,112241600"
"2015-07-07,28.064985275268555,28.16769724345696,27.636272303574902,28.109642060203637,187787200"
"2015-07-08,27.368330001831055,27.830534741104064,27.3616316540013,27.79480965149628,243046400"
"2015-07-09,26.810115814208984,27.70103198892368,26.620321880745106,27.65414184325949,314380000"
"2015-07-10,27.5268611907959,27.65413489807677,27.06465649556041,27.22765699259238,245418000"
"2015-07-13,28.05828857421875,28.08061696799642,27.75908264624676,27.91761645667965,165762000"
"2015-07-14,28.04712677001953,28.216825648745473,27.919853036861934,28.1431404075628,127072400"
"2015-07-15,28.31730079650879,28.390986028616197,28.040424967933756,28.071685059698005,134596800"
"2015-07-16,28.694652557373047,28.70805265866787,28.43564014939327,28.522722068791797,144889600"
"2015-07-17,28.942506790161133,28.942506790161133,28.650000890894464,28.821933113727873,184658800"
"2015-07-20,29.48956298828125,29.690520247519455,29.18365699118549,29.24394553179483,235600800"
"2015-07-21,29.194820404052734,29.679353534603262,29.098808480959107,29.66372519211815,307025600"
"2015-07-22,27.96004867553711,28.022568875360726,27.238829619462862,27.238829619462862,461802400"
"2015-07-23,27.94664764404297,28.377590626525247,27.924317544526915,28.178865006373737,203998000"
"2015-07-24,27.799278259277344,28.076154127998937,27.665306174640925,27.98237383910819,168649200"
"2015-07-27,27.412988662719727,27.60055093250438,27.267853240365948,27.484440550364504,177822000"
"2015-07-28,27.549190521240234,27.667534238662494,27.363863329620226,27.549190521240234,134472400"
"2015-07-29,27.462114334106445,27.575991374671265,27.301347148261407,27.49784113253757,148046800"
"2015-07-30,27.32366943359375,27.368326215311846,27.176298987539383,27.31250438639071,134513200"
"2015-07-31,27.08475685119629,27.383961089285012,26.99767491900346,27.375029390656604,171540000"
"2015-08-03,26.446147918701172,27.368323839136117,26.240722311411144,27.129406500238854,279904000"
"2015-08-04,25.597660064697266,26.28091876777398,25.287290803917507,26.21839858625679,496554400"
"2015-08-05,25.76735496520996,26.22286126525068,25.030506187943256,25.220300053740157,397250400"
"2015-08-06,25.823442459106445,26.13073150574219,25.596902585454906,26.011853773551824,211612000"
"2015-08-07,25.910913467407227,26.07465181887954,25.682130178595333,25.700074435710377,154681600"
"2015-08-10,26.852954864501953,26.913514567107228,26.13744374937243,26.13744374937243,219806400"
"2015-08-11,25.455589294433594,26.507547865105497,25.4197024905373,26.42455695725377,388331200"
"2015-08-12,25.848108291625977,25.88848201140172,24.589796021750065,25.240260746466667,404870000"
"2015-08-13,25.827926635742188,26.108299261594233,25.691104657425694,26.02755180844815,194143200"
"2015-08-14,26.009601593017578,26.088105568025565,25.572221081359995,25.641752929044454,171718000"
"2015-08-17,26.278757095336914,26.38866264703329,25.906421557180472,26.027542694487096,163538800"
"2015-08-18,26.130722045898438,26.34156275421477,26.02081648382766,26.115021251316897,138242800"
"2015-08-19,25.796512603759766,26.135201340423396,25.722493855512266,26.04099659424906,193146000"
"2015-08-20,25.26717758178711,25.648483611062783,25.038392595214948,25.58792388594571,274006400"
"2015-08-21,23.72176170349121,25.098951562027775,23.697088781656007,24.769233162283008,513102000"
"2015-08-24,23.129615783691406,24.40362879000235,20.635420824502845,21.27915685105936,648825200"
"2015-08-25,23.268674850463867,24.921751784034296,23.214843807743076,24.921751784034296,414406400"
"2015-08-26,24.603252410888672,24.648111334122248,23.562509648293958,24.020076141302784,387098400"
"2015-08-27,25.327735900878906,25.39951120986132,24.67727120064296,25.172971406945223,338464400"
"2015-08-28,25.410722732543945,25.415207939962393,25.01820119999396,25.159508335659048,212657600"
"2015-08-31,25.291847229003906,25.688854003074386,25.121380241072895,25.128108908407583,224917200"
"2015-09-01,24.161386489868164,25.094465498443444,24.080639054064935,24.706430825910797,307383600"
"2015-09-02,25.197641372680664,25.197641372680664,24.4776448587597,24.724374075491905,247555200"
"2015-09-03,24.755773544311523,25.296330892720444,24.681754785631632,25.231284260358553,212935600"
"2015-09-04,24.509044647216797,24.773716387417842,24.338579378873042,24.441756265899464,199985200"
"2015-09-08,25.19090461730957,25.246979110152843,24.744552133429277,25.065298300943105,219374400"
"2015-09-09,24.706430435180664,25.57446278945002,24.6211960813706,25.51614652882644,340043200"
"2015-09-10,25.24923324584961,25.40848466751426,24.65035781974626,24.73334700904198,251571200"
"2015-09-11,25.617076873779297,25.617076873779297,25.067547404671917,25.074276071527077,199662000"
"2015-09-14,25.86380958557129,26.218200942508812,25.762876139817724,26.14866908926784,233453600"
"2015-09-15,26.08137321472168,26.13744771912597,25.664178765053123,26.00286925080729,173364800"
"2015-09-16,26.110538482666016,26.139696614967626,25.892969086526172,26.074649970979333,148694000"
"2015-09-17,25.552032470703125,26.128478368766235,25.507173546917443,25.942312294923223,256450400"
"2015-09-18,25.446611404418945,25.63726610331166,25.0922218094221,25.16848231997262,297141200"
"2015-09-21,25.841381072998047,25.877269586482125,25.493720082728235,25.495961831377105,200888000"
"2015-09-22,25.43539810180664,25.61035029936734,25.238014731218577,25.430911182697873,201384800"
"2015-09-23,25.641752243041992,25.73147180261867,25.412968991816815,25.486986045553678,143026800"
"2015-09-24,25.79427719116211,25.90642622242803,25.204373902756387,25.40175558173138,200878000"
"2015-09-25,25.729230880737305,26.173341803252995,25.57446466798422,26.11726728689416,224607600"
"2015-09-28,25.220069885253906,25.697824051210933,25.220069885253906,25.536329203209096,208436000"
"2015-09-29,24.461944580078125,25.460071920955418,24.192787606840596,25.307549179785273,293461600"
"2015-09-30,24.740079879760742,25.01820903072727,24.387931948786303,24.710920033010503,265892000"
"2015-10-01,24.57857322692871,24.587545351540907,24.069415850547735,24.464180777195438,255716400"
"2015-10-02,24.758012771606445,24.899321607654304,24.12325072837669,24.226427603641095,232079200"
"2015-10-05,24.847742080688477,24.980078843346252,24.464192552999453,24.645873457889355,208258800"
"2015-10-06,24.966617584228516,25.06306582262484,24.621198351629094,24.814094828421737,192787200"
"2015-10-07,24.847742080688477,25.069796710138203,24.54045479328295,25.063068041254667,187062400"
"2015-10-08,24.560644149780273,24.715410400244735,24.271299369513994,24.715410400244735,247918400"
"2015-10-09,25.14829444885254,25.184181241956313,24.55838956502569,24.672782033606488,211064400"
"2015-10-12,25.031665802001953,25.289608940543022,24.995778998459635,25.285123731822196,121868800"
"2015-10-13,25.07427406311035,25.22230985584071,24.825303141863056,24.856704725510646,132197200"
"2015-10-14,24.719884872436523,25.013714734523628,24.57409081545337,24.962127147615472,177849600"
"2015-10-15,25.089981079101562,25.143812134243223,24.782692121453554,24.881383815261927,150694000"
"2015-10-16,24.906055450439453,25.121381371126688,24.79166296682932,25.072035526774933,156930400"
"2015-10-19,25.060823440551758,25.06530864887749,24.69745996086399,24.852226172607406,119036800"
"2015-10-20,25.518390655517578,25.608110225715027,24.856712033921024,24.97334627729678,195871200"
"2015-10-21,25.516145706176758,25.92436807367214,25.50268666001744,25.569976757039264,167180800"
"2015-10-22,25.90641975402832,25.90641975402832,25.592402202636986,25.643991497092028,166616400"
"2015-10-23,26.70941734313965,26.743062399364046,26.092597586974016,26.175586786234405,237467600"
"2015-10-26,25.857080459594727,26.496329597653407,25.776333019918006,26.48511572124512,265335200"
"2015-10-27,25.693340301513672,26.1396929069345,25.56773223968678,25.88399328684352,279537600"
"2015-10-28,26.75202178955078,26.758752167028206,26.03202541268124,26.227165289335915,342205600"
"2015-10-29,27.034643173217773,27.070531681932156,26.527729110805993,26.624177338903035,204909200"
"2015-10-30,26.803619384765625,27.189412339251472,26.792403796753966,27.1378230301597,197461200"
"2015-11-02,27.18044090270996,27.220814624817397,26.828292992040087,27.09520824993138,128813200"
"2015-11-03,27.492212295532227,27.698566093648566,27.072774320250645,27.092962034880685,182076000"
"2015-11-04,27.36435890197754,27.77258123681901,27.279126268991515,27.61781505280359,179544400"
"2015-11-05,27.238216400146484,27.636924307296095,27.07152584230477,27.447706558500503,158210800"
"2015-11-06,27.26975440979004,27.438698042862917,27.170641980357402,27.281018006094968,132169200"
"2015-11-09,27.15937614440918,27.43869578018609,27.042242657981237,27.247226688875976,135485600"
"2015-11-10,26.30339813232422,26.596234467227482,26.143465023397653,26.332682796964708,236511600"
"2015-11-11,26.154726028442383,26.44981367862618,25.951993333491004,26.21329363333577,180872000"
"2015-11-12,26.06687355041504,26.31465717319497,26.051105548563132,26.188513158379727,130102400"
"2015-11-13,25.305500030517578,26.03308461937239,25.289732028583675,25.94973848424558,183249600"
"2015-11-16,25.71997833251953,25.733493272989936,25.00365727166892,25.089254758953953,152426800"
"2015-11-17,25.609603881835938,25.91595515426298,25.526257733787073,25.88667049000019,110467600"
"2015-11-18,26.420534133911133,26.465585085880317,26.017321755027425,26.075889367454284,186698800"
"2015-11-19,26.756162643432617,26.974663322774134,26.301141938966225,26.49936849124945,173183200"
"2015-11-20,26.8732967376709,27.01295568430863,26.771929543716215,26.850769548847712,137148400"
"2015-11-23,26.52414894104004,26.9701608641234,26.431792268427206,26.866540595821984,129930000"
"2015-11-24,26.778690338134766,26.884561951850607,26.382237200649325,26.42954120960213,171212800"
"2015-11-25,26.58722496032715,26.857535830351882,26.562446420943623,26.85302970396378,85553200"
"2015-11-27,26.537662506103516,26.672818773030528,26.490358500112393,26.64578717592846,52185600"
"2015-11-30,26.648038864135742,26.898075539036938,26.524146198704255,26.57820767153652,156721200"
"2015-12-01,26.431793212890625,26.76292300239936,26.323670252183778,26.749408061956874,139409600"
"2015-12-02,26.193021774291992,26.605244669983524,26.14797082421379,26.431794903156916,133546400"
"2015-12-03,25.949739456176758,26.307900825780568,25.72898742083399,26.253839348351395,166278000"
"2015-12-04,26.812480926513672,26.862038001153735,25.92946927218527,25.97001581338318,231108000"
"2015-12-07,26.64353370666504,26.9994419961202,26.53766210119315,26.80121544281288,128336800"
"2015-12-08,26.63227653503418,26.71562096536293,26.32367219633195,26.472341707929797,137238000"
"2015-12-09,26.044349670410156,26.51063400347499,25.9227100550128,26.499370407785392,185445600"
"2015-12-10,26.16824722290039,26.341697016152033,26.019577690125683,26.138964272746666,116850800"
"2015-12-11,25.49471664428711,25.992536933126495,25.420381044780573,25.947485992046726,187544800"
"2015-12-14,25.3370304107666,25.382081340784737,24.731085606100613,25.26945229715658,257274800"
"2015-12-15,24.888769149780273,25.409116574617066,24.857233150527506,25.2153944543026,213292400"
"2015-12-16,25.080242156982422,25.226660301473622,24.508087955539885,25.019423211298896,224954000"
"2015-12-17,24.548635482788086,25.285228923308203,24.548635482788086,25.23341878938219,179091200"
"2015-12-18,23.884126663208008,24.670277299747227,23.83456958425084,24.53287137888919,385813200"
"2015-12-21,24.176959991455078,24.185970524556982,23.78050512788861,24.16569639543183,190362400"
"2015-12-22,24.154434204101562,24.264810225644474,23.978731388772907,24.192727680349428,131157600"
"2015-12-23,24.465286254882812,24.519347726245353,24.147671458638616,24.163439459393658,130629600"
"2015-12-24,24.334640502929688,24.55314120884414,24.316619436371415,24.55314120884414,54281600"
"2015-12-28,24.06207847595215,24.258053709263866,23.917913379694166,24.235526516624457,106816800"
"2015-12-29,24.494571685791016,24.65000036517696,24.071086966298672,24.09361243844276,123724800"
"2015-12-30,24.174699783325195,24.485555349837107,24.143163786081217,24.458525477103958,100855200"
"2015-12-31,23.710670471191406,24.10937659210281,23.611556347279446,24.104872185826398,163649200"
"2016-01-04,23.73094367980957,23.735449804821453,22.976329287135002,23.11373688408393,270597600"
"2016-01-05,23.136262893676758,23.8435733017427,23.06868648416878,23.821047831906707,223164000"
"2016-01-06,22.68349838256836,23.059680854996756,22.49653539645649,22.65196237437679,273829600"
"2016-01-07,21.726144790649414,22.55509473351761,21.721640384466582,22.228471149896194,324377600"
"2016-01-08,21.84103012084961,22.325335489351968,21.795979178070308,22.19919147470328,283192000"
"2016-01-11,22.194686889648438,22.31407344302432,21.926629121332716,22.293801032941662,198957600"
"2016-01-12,22.516807556152344,22.681246784383312,22.264517774858547,22.64971077654453,196616800"
"2016-01-13,21.93789291381836,22.793874642374632,21.91762050355392,22.597899416901196,249758400"
"2016-01-14,22.417694091796875,22.633943464420273,21.566218416957746,22.06629186880513,252680400"
"2016-01-15,21.87932014465332,22.00997026413208,21.48061403630687,21.669830028448768,319335600"
"2016-01-19,21.77345085144043,22.22171403207015,21.512150605552584,22.167652564107623,212350800"
"2016-01-20,21.802736282348633,22.118098032270122,21.043615707294155,21.42204946348329,289337600"
"2016-01-21,21.69236183166504,22.04826842385823,21.386010591829923,21.863556798538532,208646000"
"2016-01-22,22.845678329467773,22.85468886058117,22.15864208825636,22.21720796261881,263202000"
"2016-01-25,22.399667739868164,22.870456380223203,22.34785761669965,22.868203317846383,207178000"
"2016-01-26,22.5235652923584,22.72404493823475,22.091069992394825,22.5100503512919,300308000"
"2016-01-27,21.043615341186523,21.76669377517496,21.02559427725693,21.633792295506485,533478800"
"2016-01-28,21.194536209106445,21.291397271840964,20.81159808308614,21.12695980258804,222715200"
"2016-01-29,21.92662811279297,21.92662811279297,21.25310670655269,21.35222084528705,257666000"
"2016-02-01,21.721643447875977,21.78471545482899,21.48962782862026,21.73065398009545,163774000"
"2016-02-02,21.282390594482422,21.63379275566783,21.237337933700136,21.49413208511767,149428800"
"2016-02-03,21.703624725341797,21.81400074941957,21.192289426440556,21.39952653410023,183857200"
"2016-02-04,21.878013610839844,22.04334511840949,21.558677038559985,21.710418542607215,185886800"
"2016-02-05,21.29369354248047,21.950487266896594,21.218956298789394,21.859894731130765,185672400"
"2016-02-08,21.517911911010742,21.674182274657653,21.07174506774626,21.092127482518418,216085600"
"2016-02-09,21.513383865356445,21.72854139364543,21.273315069828385,21.354848194330224,177324800"
"2016-02-10,21.35030746459961,21.82138713152791,21.31180620964419,21.724000486229354,169374400"
"2016-02-11,21.22121810913086,21.452229142675453,20.96982466387226,21.241602248753622,200298800"
"2016-02-12,21.286901473999023,21.402407011526563,21.06495155410116,21.332198610239757,161405600"
"2016-02-16,21.887073516845703,21.93463421044413,21.427318417485296,21.52017451606062,196231600"
"2016-02-17,22.22226333618164,22.242645748166105,21.776096553939176,21.893865632747673,179452800"
"2016-02-18,21.801006317138672,22.39664921619739,21.76250333146128,22.38532450372018,156084000"
"2016-02-19,21.75118064880371,21.914246834451163,21.696825829557408,21.742121224277902,141496800"
"2016-02-22,21.94142723083496,21.945957807847254,21.724006187783868,21.812333432526223,137123200"
"2016-02-23,21.445436477661133,21.855365579643816,21.413729349767934,21.832717877992803,127770400"
"2016-02-24,21.7647762298584,21.828190494923877,21.13516070112382,21.284638664128842,145022800"
"2016-02-25,21.91424560546875,21.91424560546875,21.572259692409883,21.753444716947833,110330800"
"2016-02-26,21.948217391967773,22.19960905772961,21.8734784418694,22.01389519039657,115964400"
"2016-02-29,21.898393630981445,22.247173705330145,21.889334206307748,21.93689488991322,140865200"
"2016-03-01,22.768081665039062,22.82243649472265,22.063727256060517,22.115818525109407,201628400"
"2016-03-02,22.817909240722656,22.84961637091377,22.56651575998669,22.763554407239177,132678400"
"2016-03-03,22.98776626586914,23.03532695424258,22.7499610960932,22.779404661211583,147822800"
"2016-03-04,23.32974624633789,23.497341256788854,22.95831853241505,23.184798930070844,184220400"
"2016-03-07,23.07156753540039,23.28898859276928,22.865469465490182,23.189336626842675,143315600"
"2016-03-08,22.88132667541504,23.046658215412744,22.738644569760847,22.824706545374752,126247600"
"2016-03-09,22.901708602905273,23.00588942474126,22.709198797083857,22.944738722590504,108806800"
"2016-03-10,22.91302490234375,23.155358895590112,22.68201562186655,22.967381450145442,134054400"
"2016-03-11,23.15989112854004,23.16441997722652,22.987765504005953,23.155360551944863,109632800"
"2016-03-14,23.218774795532227,23.307103760030373,23.05117974763284,23.080623311768452,100304400"
"2016-03-15,23.68532371520996,23.821211627233023,23.51999224151106,23.544905226971284,160270800"
"2016-03-16,24.000133514404297,24.077136037852313,23.687589388175116,23.692119964794824,153214000"
"2016-03-17,23.961637496948242,24.113379016653425,23.771392979183542,23.898221505753956,137682800"
"2016-03-18,23.988813400268555,24.120172500887048,23.82348360803238,24.083934792616137,176820800"
"2016-03-21,23.986547470092773,24.380623005113264,23.812156540105804,23.991076319224767,142010800"
"2016-03-22,24.16999626159668,24.299090061591315,23.828010264874134,23.83706969110818,129777600"
"2016-03-23,24.0363712310791,24.249263422019336,23.98428169153553,24.115640776494775,102814000"
"2016-03-24,23.932186126708984,24.063545188080788,23.75553167144067,23.886890732812475,104532000"
"2016-03-28,23.82347869873047,24.049959145025742,23.794035134850528,24.006927307298863,77645600"
"2016-03-29,24.387426376342773,24.41233937577348,23.75328012741305,23.755545416791165,124760400"
"2016-03-30,24.813201904296875,25.007975263716304,24.595780841484046,24.607105557135252,182404400"
"2016-03-31,24.68410301208496,24.890201044722406,24.659190025108817,24.849434495844047,103553600"
"2016-04-01,24.91058921813965,24.91285450690936,24.505188923814494,24.636548025912735,103496000"
"2016-04-04,25.166507720947266,25.4088417284672,24.973997959984032,25.007970372383937,149424800"
"2016-04-05,24.86981773376465,25.078181061580132,24.781490496240938,24.80187463531264,106314800"
"2016-04-06,25.130271911621094,25.134802488500018,24.7316658138071,24.96494214162522,105616400"
"2016-04-07,24.58219337463379,25.007976087343256,24.487071980503337,24.90152997718862,127207600"
"2016-04-08,24.60936737060547,24.8607590890533,24.498390702204215,24.665987485047786,94326800"
"2016-04-11,24.69089698791504,25.051001788643912,24.647866878980267,24.679574002577947,117630000"
"2016-04-12,25.012502670288086,25.026090945019725,24.609367726100686,24.76337278081606,108929200"
"2016-04-13,25.374876022338867,25.442819137186543,25.094040679568387,25.094040679568387,133029200"
"2016-04-14,25.38846206665039,25.4541416147626,25.21407285317995,25.27975240129216,101895600"
"2016-04-15,24.878881454467773,25.433759691123253,24.851704901558435,25.39072784513812,187756000"
"2016-04-18,24.342117309570312,24.675042089309276,24.219817670358456,24.661453816477476,243286000"
"2016-04-19,24.213024139404297,24.45988698420057,24.059017374461504,24.432708709948805,129539600"
"2016-04-20,24.26285743713379,24.480278528550794,24.02052335033376,24.151882466369837,122444000"
"2016-04-21,24.000133514404297,24.217554538615328,23.89821627536529,24.217554538615328,126210000"
"2016-04-22,23.93445587158203,24.115640936723352,23.69438712899229,23.782714373073755,134732400"
"2016-04-25,23.798566818237305,23.9276606095132,23.669473026961406,23.78044796699292,112126400"
"2016-04-26,23.63323211669922,23.848389558227918,23.533581904198304,23.533581904198304,224064800"
"2016-04-27,22.154325485229492,22.35589301969525,21.669657286861337,21.742130987703977,458408400"
"2016-04-28,21.477142333984375,22.16790669694198,21.345783253113265,22.106757733313717,328970800"
"2016-04-29,21.230276107788086,21.452227700794264,20.95170613230117,21.286896218177468,274126000"
"2016-05-02,21.207632064819336,21.30728402921264,20.926796752694237,21.282371038114313,192640400"
"2016-05-03,21.556407928466797,21.683236419465825,21.216687275083462,21.334456341309902,227325200"
"2016-05-04,21.332197189331055,21.719478606870442,21.248398788799193,21.56094123245143,164102000"
"2016-05-05,21.24560546875,21.43472914791066,21.118004788077215,21.418779062826562,143562000"
"2016-05-06,21.127124786376953,21.293461182259097,20.928886473720148,21.275233750654156,174799600"
"2016-05-09,21.143070220947266,21.36637142020525,21.097497305894343,21.19092047793112,131745600"
"2016-05-10,21.2866268157959,21.320806076829598,20.988131528855735,21.266120302233336,134747200"
"2016-05-11,21.079275131225586,21.320805556693756,21.067881465015834,21.300299043631465,114876400"
"2016-05-12,20.58481788635254,21.14079539282424,20.386581315893334,21.12712438477307,305258800"
"2016-05-13,20.62582778930664,20.887866391934395,20.507341691111154,20.507341691111154,177571200"
"2016-05-16,21.391443252563477,21.50765205182889,20.883317683169363,21.051933179259695,245039200"
"2016-05-17,21.30257797241211,21.578287678610693,21.193206417743497,21.5441101542952,187667600"
"2016-05-18,21.546382904052734,21.694491852089957,21.39371753322122,21.45524054073366,168249600"
"2016-05-19,21.4643497467041,21.56460841546963,21.32079898423161,21.56460841546963,121768400"
"2016-05-20,21.6967716217041,21.744621885494894,21.53726900397226,21.564612756893798,128104000"
"2016-05-23,21.972476959228516,22.14565055016951,21.79930336828752,21.84487628086613,152074400"
"2016-05-24,22.307432174682617,22.350724271888282,22.065900065721316,22.15248773699063,140560800"
"2016-05-25,22.6993465423584,22.726688548715885,22.355278475454305,22.482879140932408,152675200"
"2016-05-26,22.879364013671875,22.952278954764644,22.4760518876046,22.713025880763425,225324800"
"2016-05-27,22.865684509277344,22.893028256016905,22.615039581998886,22.658333413062653,145364800"
"2016-05-31,22.754039764404297,22.877084048698546,22.51706578040381,22.694795833796864,169228800"
"2016-06-01,22.435035705566406,22.681124268100326,22.40541461020609,22.56263640980064,116693200"
"2016-06-02,22.26641845703125,22.29376046950281,22.018050833697107,22.239074706130616,160766400"
"2016-06-03,22.311986923217773,22.391737347275814,22.204892751584605,22.282365833833033,114019600"
"2016-06-06,22.473772048950195,23.216594181455072,22.227685217578443,22.32794217168202,93170000"
"2016-06-07,22.564918518066406,22.756321338527762,22.54896842789708,22.615047869578415,89638000"
"2016-06-08,22.544414520263672,22.68568626654943,22.485170576553394,22.562641955041755,83392400"
"2016-06-09,22.706192016601562,22.783663386545104,22.435038744940268,22.444153330538825,106405600"
"2016-06-10,22.51933479309082,22.637820862903038,22.439584386637552,22.45097630845746,126851600"
"2016-06-13,22.179832458496094,22.585423637920215,22.12514669098972,22.48744402948881,152082000"
"2016-06-14,22.207178115844727,22.43959568992894,22.045398141710876,22.175277937194636,127727600"
"2016-06-15,22.134260177612305,22.423642565608542,22.109195506575492,22.289204626553907,117780800"
"2016-06-16,22.22768211364746,22.273253292019113,21.890449483038555,21.977035417316305,125307200"
"2016-06-17,21.72183609008789,22.022610415685328,21.715000586528955,22.015774912126393,244032800"
"2016-06-20,21.669418334960938,22.004371772557338,21.653468254048178,21.87449204557388,137647600"
"2016-06-21,21.8539981842041,21.95425514860418,21.573730327853145,21.632974264836903,142185600"
"2016-06-22,21.7719669342041,22.07729770373538,21.726394009955868,21.93146782299965,116876400"
"2016-06-23,21.897289276123047,21.94058312095867,21.70360912245369,21.86083267396886,128960800"
"2016-06-24,21.28206443786621,21.569167716421042,21.111169918940778,21.17041383892837,301245600"
"2016-06-27,20.97218132019043,21.202319822190724,20.84913702422283,21.190926155767468,181958400"
"2016-06-28,21.325361251831055,21.34131307935169,20.994965804184282,21.168139441767984,161779600"
"2016-06-29,21.509931564331055,21.544110828145115,21.33447882135269,21.411951935226526,146124000"
"2016-06-30,21.783357620239258,21.822093299821137,21.48714145243588,21.51904162837733,143345600"
"2016-07-01,21.849437713623047,21.981596582765608,21.721837005998097,21.758293605992687,104106000"
"2016-07-05,21.644365310668945,21.737788505120793,21.523600099054118,21.735509424214086,110820800"
"2016-07-06,21.767410278320312,21.79703311573814,21.503094253113787,21.55550094658784,123796400"
"2016-07-07,21.860830307006836,21.98843100837468,21.7879153721639,21.806142802052754,100558400"
"2016-07-08,22.029443740844727,22.077293999454746,21.885892965014673,21.98614990468037,115648400"
"2016-07-11,22.09780502319336,22.25047040152665,22.040840174105185,22.045396597123375,95179600"
"2016-07-12,22.198060989379883,22.261861339375837,22.12970421656814,22.141096142822185,96670000"
"2016-07-13,22.072736740112305,22.255023184320574,22.065899499059526,22.195781002628085,103568800"
"2016-07-14,22.510234832763672,22.555806026498324,22.175281169682215,22.1912312613323,155676000"
"2016-07-15,22.507949829101562,22.626437683121686,22.444149479288797,22.539850004007945,120548000"
"2016-07-18,22.747203826904297,22.81556060236729,22.46693600606127,22.48972159788227,145975600"
"2016-07-19,22.756317138671875,22.78593823253969,22.63555020575895,22.685679548019195,95119600"
"2016-07-20,22.776824951171875,22.890754648849864,22.726695606044885,22.78593953559762,105104000"
"2016-07-21,22.656055450439453,23.01379456372455,22.58769694943307,22.747199538971667,130808000"
"2016-07-22,22.480606079101562,22.62643593553281,22.40085390956624,22.617321352202232,113254800"
"2016-07-25,22.179832458496094,22.52162154766204,22.084131930752637,22.387185340369452,161531600"
"2016-07-26,22.02716636657715,22.32338426293091,21.970201520234436,22.061345622068604,224959200"
"2016-07-27,23.45812225341797,23.777125730081984,23.41255107322129,23.758896562631676,369379200"
"2016-07-28,23.774845123291016,23.79990979231886,23.42849965611466,23.430778736506912,159479200"
"2016-07-29,23.74522590637207,23.822698999963638,23.62446071248406,23.740669483656855,110934800"
"2016-08-01,24.16448974609375,24.18727533810684,23.79080047410553,23.79080047410553,152671600"
"2016-08-02,23.80674934387207,24.169044932095982,23.697376074006293,24.164488509298266,135266400"
"2016-08-03,24.105247497558594,24.116639425145156,23.87282992289697,23.88194450802383,120810400"
"2016-08-04,24.2541561126709,24.283937671156025,24.118989890337996,24.187718714961047,109634800"
"2016-08-05,24.62299346923828,24.661938981640454,24.325170938035715,24.345788533596977,162213600"
"2016-08-08,24.826894760131836,24.826894760131836,24.54969148276082,24.632163639502444,112148800"
"2016-08-09,24.927692413330078,24.957475721883466,24.74441844707523,24.794819355845505,105260800"
"2016-08-10,24.742124557495117,24.94830927837689,24.687142547875503,24.90478090734447,96034000"
"2016-08-11,24.726083755493164,24.95517746146536,24.707755839532282,24.86124820305055,109938000"
"2016-08-12,24.783361434936523,24.842926298107884,24.691723587252874,24.691723587252874,74641600"
"2016-08-15,25.08118438720703,25.094929452823862,24.760452789323715,24.77419785494055,103472800"
"2016-08-16,25.058273315429688,25.2530043978627,25.019327798081715,25.115546751946088,135177600"
"2016-08-17,25.021623611450195,25.055988028953735,24.820019960947775,24.99413172787799,101424000"
"2016-08-18,24.989551544189453,25.10867954837522,24.97580472797217,25.02391596296223,87938800"
"2016-08-19,25.053688049316406,25.129289392447387,24.824594341292553,24.918521852702266,101472400"
"2016-08-22,24.85896110534668,24.99412556693711,24.70775840474066,24.9391435611924,103280800"
"2016-08-23,24.93684959411621,25.044523915788446,24.86353967797605,24.87728474105037,85030800"
"2016-08-24,24.748991012573242,24.91393874877222,24.668808570767112,24.872701814722475,94700400"
"2016-08-25,24.643619537353516,24.714638054720496,24.43972619897668,24.60238258420725,100344800"
"2016-08-26,24.499282836914062,24.73066623435003,24.35495267551242,24.606957164357713,111065200"
"2016-08-29,24.471803665161133,24.61384247371349,24.350384210875582,24.425985596775092,99881200"
"2016-08-30,24.283933639526367,24.398480496316587,24.169386782736147,24.23811559594881,99455600"
"2016-08-31,24.306842803955078,24.41451712962516,24.201459904831218,24.20604275792366,118649600"
"2016-09-01,24.451175689697266,24.46721218161649,24.196881497944915,24.316009473938212,106806000"
"2016-09-02,24.680267333984375,24.74212186960598,24.47179120889458,24.673393054162965,107210000"
"2016-09-06,24.67339515686035,24.81085279946069,24.629868534693674,24.719214953675976,107521600"
"2016-09-07,24.82459831237793,24.916236159815647,24.529067172010745,24.70317890735775,169457200"
"2016-09-08,24.17397117614746,24.574885229446362,24.109825207275087,24.570304123604007,212008000"
"2016-09-09,23.626436233520508,24.219789915352393,23.626436233520508,23.972368262360416,186228000"
"2016-09-12,24.15564727783203,24.219793252740153,23.488983578936768,23.516475460117416,181171200"
"2016-09-13,24.730669021606445,24.923108675881988,24.568012672740075,24.629868962554077,248704800"
"2016-09-14,25.60580825805664,25.894466879100452,24.87958147331745,24.909364780125077,443554800"
"2016-09-15,26.47635841369629,26.513014244073535,25.999843105869264,26.084608402731998,359934400"
"2016-09-16,26.327451705932617,26.604654916585687,26.12584984759761,26.373271501813186,319547600"
"2016-09-19,26.020465850830078,26.616109189599428,25.944864501673187,26.389306889975177,188092000"
"2016-09-20,26.018177032470703,26.144179293697142,25.775338217576035,25.89904905191292,138057200"
"2016-09-21,26.013593673706055,26.114393726111114,25.759299494232636,26.082320743821352,144012800"
"2016-09-22,26.25872802734375,26.332037962380134,26.116689263527814,26.196871731872807,124296000"
"2016-09-23,25.821151733398438,26.297667067633842,25.555403939820497,26.212901766073433,209924800"
"2016-09-26,25.860095977783203,25.976934253055173,25.555402688080047,25.576020281915348,119477600"
"2016-09-27,25.908205032348633,25.928824373702057,25.736384761736854,25.887587438841383,98429600"
"2016-09-28,26.105234146118164,26.263309405238047,25.986106155894436,26.04567102492967,118564400"
"2016-09-29,25.699737548828125,26.07087006177409,25.61268255100721,25.92425019815642,143548000"
"2016-09-30,25.899049758911133,25.972359690758676,25.61268256453063,25.76388353428328,145516400"
"2016-10-03,25.777631759643555,25.899052933133607,25.722649740980888,25.82116013783521,86807200"
"2016-10-04,25.887596130371094,26.18770841115558,25.80283080585212,25.90134119732404,118947200"
"2016-10-05,25.899049758911133,26.03879708959655,25.816575867101815,25.979232223768342,85812400"
"2016-10-06,26.091487884521484,26.194579376189363,25.917376139540035,26.047959511314456,115117200"
"2016-10-07,26.13042640686035,26.244973254862153,26.00442592276608,26.187699830861252,97433600"
"2016-10-10,26.58633041381836,26.74669533984366,26.28163530652368,26.350362382885976,144944000"
"2016-10-11,26.643600463867188,27.191134317484888,26.620689693479395,26.964330275139694,256164000"
"2016-10-12,26.881858825683594,27.028480428464434,26.74669435697869,26.88415025249878,150347200"
"2016-10-13,26.799386978149414,26.904769890789296,26.510728370924866,26.75585860742008,140769600"
"2016-10-14,26.94830322265625,27.072014085122667,26.833756321985156,27.005576672991797,142608800"
"2016-10-17,26.92997169494629,26.99640734602698,26.753568524176224,26.879570789011986,94499600"
"2016-10-18,26.911645889282227,27.08117479250557,26.9070630350118,27.074302258946716,98214000"
"2016-10-19,26.831459045410156,26.978078896927713,26.0708679102204,26.861240601927424,80138400"
"2016-10-20,26.817716598510742,26.891026536204105,26.65047912245094,26.771898542894935,96503200"
"2016-10-21,26.71232795715332,26.783348200363697,26.63901803514478,26.76043742961082,92770800"
"2016-10-24,26.952880859375,26.97349845853765,26.803969567762543,26.826878593892154,94154800"
"2016-10-25,27.09033203125,27.115532479943987,26.874983377990965,27.021603217021607,192516000"
"2016-10-26,26.48094367980957,26.5061441301924,25.958610249777237,26.187703982096433,264536800"
"2016-10-27,26.22665023803711,26.542798947275006,26.139593504476434,26.43512461756348,138248000"
"2016-10-28,26.052539825439453,26.39388900121319,25.990683538191657,26.08690423526084,151446800"
"2016-10-31,26.01129722595215,26.16937242804241,25.933404464108357,26.03649767115048,105677600"
"2016-11-01,25.54166603088379,26.0639995898348,25.32173620331741,25.992981074598433,175303200"
"2016-11-02,25.56456756591797,25.738679283809553,25.482095434123416,25.521040947329862,113326800"
"2016-11-03,25.29054832458496,25.665887700158493,25.22607302147493,25.55535911106137,107730400"
"2016-11-04,25.062578201293945,25.38725964409757,24.89448213712963,24.99119508556555,123348000"
"2016-11-07,25.424108505249023,25.447135151133345,25.2053509772968,25.348118992692342,130240000"
"2016-11-08,25.573787689208984,25.72576674467385,25.26062032354273,25.401085175355718,97016800"
"2016-11-09,25.532331466674805,25.633650807028452,24.88066884225742,25.302061516285825,236705600"
"2016-11-10,24.820798873901367,25.580688677849547,24.369469969035215,25.580688677849547,228538000"
"2016-11-11,24.96817970275879,25.069499079276024,24.53527267396676,24.666526522263663,136575600"
"2016-11-14,24.341838836669922,24.825405432611902,23.966499410025815,24.802378786485235,204702000"
"2016-11-15,24.664213180541992,24.795466974827097,24.44545744234022,24.539867203300282,129058000"
"2016-11-16,25.327390670776367,25.38265672229523,24.54677570048004,24.569802343536107,235362000"
"2016-11-17,25.318185806274414,25.410294157671302,25.060284530547943,25.285948146808604,110528000"
"2016-11-18,25.34351348876953,25.454043852398016,25.251406902036415,25.265222538682277,113715600"
"2016-11-21,25.728065490722656,25.787934420268233,25.332000846304773,25.357330684505023,117058400"
"2016-11-22,25.74418067932129,25.88694692155281,25.652072349507886,25.77871976578358,103862000"
"2016-11-23,25.612930297851562,25.67740561027784,25.405686967323877,25.642864762386477,109705600"
"2016-11-25,25.741884231567383,25.760306253720145,25.548456512604833,25.589905184038184,45903600"
"2016-11-28,25.691219329833984,25.89846264489884,25.649770666821013,25.65898167602616,108776000"
"2016-11-29,25.665889739990234,25.7971435479873,25.345814633526857,25.50930609564107,114115200"
"2016-11-30,25.449432373046875,25.836285933053308,25.39186488945556,25.69812432379819,144649200"
"2016-12-01,25.212249755859375,25.54614215034095,25.106325817312758,25.414888383357113,148347600"
"2016-12-02,25.306669235229492,25.350419333475468,25.06488507182746,25.13857138956954,106112000"
"2016-12-05,25.1247615814209,25.336609574462717,24.926729227153736,25.329701755075387,137298000"
"2016-12-06,25.318185806274414,25.41259734958191,25.143181871123073,25.214565008965838,104782000"
"2016-12-07,25.56687355041504,25.6037175875377,25.136269846671315,25.159296491462786,119994800"
"2016-12-08,25.817873001098633,25.889256138829317,25.467861617704155,25.527732309541232,108273200"
"2016-12-09,26.2392578125,26.411960259945555,25.861615267964666,25.861615267964666,137610400"
"2016-12-12,26.089588165283203,26.48104640947774,25.90306829593507,26.0872849736857,105497600"
"2016-12-13,26.524797439575195,26.692893527728142,26.193208132680063,26.213931585950814,174935200"
"2016-12-14,26.524797439575195,26.757368835886556,26.476440958456386,26.49025659397022,136127200"
"2016-12-15,26.669870376586914,26.87941691237197,26.53401192471621,26.568551018025296,186098000"
"2016-12-16,26.704408645629883,26.826451448381032,26.630722325658223,26.819543630386885,177404400"
"2016-12-19,26.85869026184082,27.029089554719874,26.653750120681007,26.665264322381432,111117600"
"2016-12-20,26.93006706237793,27.05671622402695,26.86789495554484,26.88171058888106,85700000"
"2016-12-21,26.955398559570312,27.033691252558103,26.89092325759226,26.895529640202245,95132800"
"2016-12-22,26.778093338012695,26.82875300931792,26.628417515561896,26.79190897316127,104343600"
"2016-12-23,26.831050872802734,26.831050872802734,26.616899772401222,26.616899772401222,56998000"
"2016-12-27,27.001453399658203,27.12579937689471,26.824144563724218,26.831052380767325,73187600"
"2016-12-28,26.886323928833008,27.176462844896196,26.75737154265103,27.061327852446198,83623600"
"2016-12-29,26.879413604736328,26.96691555838618,26.803424095165973,26.81493653924547,60158000"
"2016-12-30,26.669870376586914,26.987642332774787,26.580065220342068,26.86099489139338,122345200"
"2017-01-03,26.745853424072266,26.78730208283485,26.425778353502388,26.665259297817293,115127600"
"2017-01-04,26.715923309326172,26.828756868671924,26.6537511853937,26.67677783289385,84472400"
"2017-01-05,26.85177993774414,26.90934742723303,26.667563268651545,26.692893104572285,88774400"
"2017-01-06,27.151134490966797,27.20870198661537,26.81954515384844,26.8909282862701,127007600"
"2017-01-09,27.399826049804688,27.50114540918331,27.158043610588383,27.160345045613802,134247600"
"2017-01-10,27.427453994750977,27.489626108498722,27.24093589668743,27.349161297891264,97848400"
"2017-01-11,27.5748291015625,27.61627776672702,27.310018282834758,27.342255938316,110354400"
"2017-01-12,27.45969581604004,27.471210018062205,27.220214819907678,27.379101672346597,108344800"
"2017-01-13,27.41133689880371,27.54489390040559,27.358374033747648,27.427455726112875,104447600"
"2017-01-17,27.63239860534668,27.68766291064761,27.222518307125334,27.250149581365502,137759200"
"2017-01-18,27.63008689880371,27.747525048595346,27.565611603018517,27.632390089887483,94852000"
"2017-01-19,27.58173370361328,27.653116824309897,27.487323939803588,27.494231757055484,102389200"
"2017-01-20,27.63239860534668,27.736019397388496,27.57022648148571,27.736019397388496,130391600"
"2017-01-23,27.650814056396484,27.818910124154257,27.579429182321928,27.632392040066264,88200800"
"2017-01-24,27.625486373901367,27.65542083515336,27.51725921556063,27.52877341586849,92844000"
"2017-01-25,28.065298080444336,28.11595774549386,27.69686654847525,27.729104197721288,129510400"
"2017-01-26,28.079120635986328,28.194255620707516,28.000827932829285,28.016946760417436,105350400"
"2017-01-27,28.081422805786133,28.17353114733806,28.00082866573588,28.12517466330791,82251600"
"2017-01-30,28.007732391357422,28.007732391357422,27.784372023519055,27.8465441348101,121510000"
"2017-01-31,27.943262100219727,27.952473110362984,27.775165996361807,27.897208806323995,196804000"
"2017-02-01,29.647254943847656,30.047925906640124,29.246585737875417,29.251190363700744,447940000"
"2017-02-02,29.596595764160156,29.794628057502138,29.42389330532612,29.46994834844069,134841600"
"2017-02-03,29.723247528076172,29.748577364792464,29.51139958174031,29.545938671062146,98029200"
"2017-02-06,30.001873016357422,30.050231256335138,29.68179789677811,29.734762520001542,107383600"
"2017-02-07,30.28741455078125,30.416365195972194,30.038722514923766,30.059445972834833,152735200"
"2017-02-08,30.404850006103516,30.446300434222355,30.21603042852631,30.24596665363206,92016400"
"2017-02-09,30.62455177307129,30.63148954064726,30.323902238905653,30.446474171247278,113399600"
"2017-02-10,30.555179595947266,30.744821376052332,30.53899264311247,30.633813533165004,80262000"
"2017-02-13,30.825746536254883,30.948321967432385,30.70086322161718,30.777182175124473,92141600"
"2017-02-14,31.22585105895996,31.242038007125107,30.81650512475263,30.86738443991398,132904800"
"2017-02-15,31.33915901184082,31.514925138775997,31.133330412303636,31.34147395279949,142492400"
"2017-02-16,31.302173614501953,31.429368388089166,31.18422449363915,31.376177653923147,90338400"
"2017-02-17,31.387744903564453,31.413184566590513,31.244359636804166,31.244359636804166,88792800"
"2017-02-21,31.614377975463867,31.62594209699634,31.44786450624468,31.505681585032608,98028800"
"2017-02-22,31.709199905395508,31.7115113182305,31.477931582412204,31.551935610752093,83347600"
"2017-02-23,31.57506561279297,31.79476982608597,31.52187488362987,31.771645109824725,83152800"
"2017-02-24,31.605138778686523,31.605138778686523,31.285987273726867,31.43168748753463,87106400"
"2017-02-27,31.667573928833008,31.785523047515852,31.517250910712743,31.716141835739183,81029600"
"2017-02-28,31.681446075439453,31.785516105939294,31.6143762914484,31.70225937576457,93931600"
"2017-03-01,32.32899856567383,32.412255306318166,31.82252388303502,31.889590146585466,145658400"
"2017-03-02,32.13705062866211,32.44232300766749,32.09079413677125,32.37756815367014,104844000"
"2017-03-03,32.32668685913086,32.338250981396506,32.051476982031915,32.095418529316575,84432400"
"2017-03-06,32.22493362426758,32.324380857751315,32.05379729003433,32.231871393013506,87000000"
"2017-03-07,32.266563415527344,32.37294488772751,32.09773496754085,32.160178414451956,69785200"
"2017-03-08,32.14629364013672,32.33130898556702,32.104667040073856,32.13472951938341,74828800"
"2017-03-09,32.07228469848633,32.097724351489845,31.695319786182953,32.08616376011247,88623600"
"2017-03-10,32.17866134643555,32.229540639290676,32.063027231559914,32.20410099286311,78451200"
"2017-03-13,32.19255065917969,32.24574138671217,32.10467109388138,32.11160886143455,69686800"
"2017-03-14,32.14398956298828,32.296623993591744,32.109297192811354,32.21568218759559,61236400"
"2017-03-15,32.483951568603516,32.55101783239167,32.15323601777822,32.241119113457266,102767200"
"2017-03-16,32.537139892578125,32.61345886020559,32.43769268183648,32.54407765973749,76928000"
"2017-03-17,32.37525939941406,32.60883917559597,32.352131151569246,32.60883917559597,175540000"
"2017-03-20,32.71520233154297,32.724451507180184,32.43073989426104,32.47005506624662,86168000"
"2017-03-21,32.34056091308594,33.02511669068808,32.31512125681653,32.86554098580492,158119600"
"2017-03-22,32.705970764160156,32.74760090361427,32.322064442958755,32.34288127712336,103440800"
"2017-03-23,32.59033203125,32.74296997312818,32.51863941490938,32.66896241505103,81385200"
"2017-03-24,32.52557373046875,32.77997027326692,32.458507475844264,32.7244646105998,89582400"
"2017-03-27,32.58107376098633,32.65970412284992,32.05840523229322,32.23648278146844,94300400"
"2017-03-28,33.25638198852539,33.31188412161657,32.52094696519964,32.58801674785039,133499200"
"2017-03-29,33.330387115478516,33.41595878829196,33.11530928486144,33.22862849626748,116760000"
"2017-03-30,33.286441802978516,33.41826641626547,33.18699813656813,33.346573814179116,84829200"
"2017-03-31,33.22401428222656,33.365088126538545,33.07368772711122,33.23788981955639,78646800"
"2017-04-03,33.233253479003906,33.33038574000391,33.082930497929304,33.23556842044681,79942800"
"2017-04-04,33.480712890625,33.50846395747771,33.11068219784257,33.12918408536911,79565600"
"2017-04-05,33.30726623535156,33.64029319877768,33.25869833282079,33.35351919607748,110871600"
"2017-04-06,33.22401428222656,33.42290521799632,33.17544637269694,33.36971095306502,84596000"
"2017-04-07,33.150001525878906,33.344266075859544,33.13381457781785,33.240196033289536,66688800"
"2017-04-10,33.11068344116211,33.274885493579646,33.04824000952453,33.21013064924229,75733600"
"2017-04-11,32.754539489746094,33.152321357737605,32.39144646476976,33.05750048166255,121517600"
"2017-04-12,32.79383850097656,32.874780271017244,32.611134607612726,32.74758555682854,81400000"
"2017-04-13,32.62039566040039,32.92798293455409,32.62039566040039,32.81928654711352,71291600"
"2017-04-17,32.8007926940918,32.81235681813894,32.57877351056247,32.71984735463705,66328400"
"2017-04-18,32.655086517333984,32.84935106181636,32.634273215183995,32.703654417891855,58790000"
"2017-04-19,32.53482437133789,32.840100236409285,32.4816336477722,32.81234916826621,69313600"
"2017-04-20,32.94186019897461,33.052868004939796,32.645837030484415,32.65971256512075,93278400"
"2017-04-21,32.90254211425781,32.99735943555886,32.805409851471275,32.94185730189468,69283600"
"2017-04-24,33.21937942504883,33.29107203548828,33.112994451288344,33.187002003273776,68537200"
"2017-04-25,33.425209045410156,33.51077719210791,33.27257111167275,33.28182382037621,75486000"
"2017-04-26,33.2286262512207,33.441396183672424,33.15924858724086,33.411330176698456,80164800"
"2017-04-27,33.25407791137695,33.33964960930629,33.14307008005347,33.284143929206884,56985200"
"2017-04-28,33.22169494628906,33.37202148152268,33.13381537853107,33.3234535784165,83441600"
"2017-05-01,33.899314880371094,34.042700126921005,33.52466128577298,33.55703871334473,134411600"
"2017-05-02,34.11439514160156,34.2485312163374,33.95944576101237,34.121332910219344,181408800"
"2017-05-03,34.01033020019531,34.10977744680371,33.36509291954122,33.67036537127653,182788000"
"2017-05-04,33.88774490356445,34.028818712660346,33.721231439422596,33.88543349087821,93487600"
"2017-05-05,34.449729919433594,34.45435274496605,33.94093680090705,33.94093680090705,109310800"
"2017-05-08,35.3863639831543,35.54593968681708,34.465917067774505,34.465917067774505,195009600"
"2017-05-09,35.613014221191406,35.81884291000075,35.488127336953184,35.5852596197635,156521600"
"2017-05-10,35.44417953491211,35.60144381901725,35.178222392852916,35.529751208316476,103222800"
"2017-05-11,35.750709533691406,35.778578687167325,35.36986417495805,35.402375234480175,109020400"
"2017-05-12,36.25,36.32430949339063,35.91791937475135,35.9248857790242,130108000"
"2017-05-15,36.157100677490234,36.37771169851884,36.00615722716537,36.229089201289476,104038800"
"2017-05-16,36.10369873046875,36.24070940692101,35.92953153528482,36.2128437895926,80194000"
"2017-05-17,34.89148712158203,35.89469164682741,34.766088327646294,35.669435173615554,203070800"
"2017-05-18,35.423274993896484,35.609053998391495,35.09584344055079,35.128354500579434,134272800"
"2017-05-19,35.544029235839844,35.75767383492193,35.44417511011823,35.61834224948902,107843200"
"2017-05-22,35.760009765625,35.8970204419808,35.50920857952385,35.762330719253846,91865600"
"2017-05-23,35.715877532958984,35.97132055973454,35.60208705287404,35.97132055973454,79675600"
"2017-05-24,35.60905838012695,35.80180381095709,35.453469463455924,35.72516982929401,76712000"
"2017-05-25,35.732139587402344,35.84360914034475,35.537073184913964,35.69962852032095,76942400"
"2017-05-26,35.6717643737793,35.8180659533947,35.602096786179544,35.762331174626766,87710400"
"2017-05-30,35.68569564819336,35.86218379154213,35.60674070591421,35.627639918263306,80507600"
"2017-05-31,35.474369049072266,35.801804189612106,35.38612675631136,35.75536031814212,97804800"
"2017-06-01,35.57189178466797,35.606727335609605,35.34895984977407,35.56957083198088,65616400"
"2017-06-02,36.09904861450195,36.09904861450195,35.504558565386986,35.6647929311988,111082800"
"2017-06-05,35.746070861816406,35.866827767268795,35.63692935400107,35.84128310541234,101326800"
"2017-06-06,35.86682891845703,36.18265222816433,35.7112399888613,35.7391056050753,106499600"
"2017-06-07,36.08046340942383,36.22211949099167,35.873785212720534,35.99918753722427,84278400"
"2017-06-08,35.99222946166992,36.119949225164746,35.855215254172016,36.05260614156639,85003200"
"2017-06-09,34.5965690612793,36.03867492991036,33.90919121369438,36.03867492991036,259530800"
"2017-06-12,33.76985168457031,33.92544059310496,33.094082235331136,33.8441647090024,289229200"
"2017-06-13,34.041561126708984,34.24127300390154,33.70715951434555,34.173929908036584,136661600"
"2017-06-14,33.70948028564453,34.25288107395131,33.4029443270465,34.25288107395131,126124800"
"2017-06-15,33.5074348449707,33.55155775523504,33.02441441533913,33.28218193117425,128661600"
"2017-06-16,33.03835678100586,33.55621291549686,33.022099475281784,33.389012124760995,201444400"
"2017-06-19,33.983516693115234,34.07640802935831,33.36116068577633,33.36116068577633,130165600"
"2017-06-20,33.674644470214844,34.10657924464875,33.658390708347625,34.10657924464875,99600400"
"2017-06-21,33.874359130859375,33.9208065536216,33.58175950203796,33.79308322790719,85063200"
"2017-06-22,33.81863021850586,34.06710693885357,33.700194243135414,33.85114129061045,76425200"
"2017-06-23,33.96957015991211,34.17392747367492,33.6978697550815,33.70251520587812,141757600"
"2017-06-26,33.86275100708008,34.434017458450086,33.76057234593985,34.17624985182483,102769600"
"2017-06-27,33.37739181518555,33.94169522684023,33.35184715797583,33.67463680265872,99047600"
"2017-06-28,33.86506652832031,33.93008865798964,33.24503179961903,33.55388868726849,88329600"
"2017-06-29,33.365787506103516,33.70251357547515,33.04067683488191,33.60498037410866,125997600"
"2017-06-30,33.44473648071289,33.66302653078526,33.389001720022215,33.54459060724752,92096400"
"2017-07-03,33.32399368286133,33.741995706038395,33.23110591924023,33.64446249120392,57111200"
"2017-07-05,33.46099853515625,33.623553864846315,33.14285427965996,33.36811078774491,86278400"
"2017-07-06,33.14517593383789,33.32398857199731,33.070866443025984,33.2125225640592,96515200"
"2017-07-07,33.48190689086914,33.61427568769328,33.184661765845334,33.184661765845334,76806800"
"2017-07-10,33.686256408691406,33.89293466698357,33.2937991046057,33.46564534206682,84362400"
"2017-07-11,33.79539489746094,33.869707918712685,33.52834000714723,33.609615887771454,79127200"
"2017-07-12,33.844173431396484,33.946348551163354,33.630528746253304,33.87436000484174,99538000"
"2017-07-13,34.315589904785156,34.48279072975798,33.774509949448294,33.788442760955796,100797600"
"2017-07-14,34.610496520996094,34.677843140609845,34.213397380007194,34.36201988166245,80528400"
"2017-07-17,34.731258392333984,35.042436246143644,34.50135997566348,34.5594157040656,95174000"
"2017-07-18,34.85200881958008,34.86362067178961,34.52457372184604,34.647651559699575,71475200"
"2017-07-19,35.07029342651367,35.163181142853645,34.821813292973424,34.944891111671545,83692000"
"2017-07-20,34.91238784790039,35.23750201452352,34.877555832359356,35.18176724621783,68974800"
"2017-07-21,34.89614486694336,34.93562234456341,34.5733550972819,34.83112272222315,105010400"
"2017-07-24,35.31877899169922,35.40005842173057,34.81021028841995,34.968123698453404,85972800"
"2017-07-25,35.469730377197266,35.725173465298916,35.251440263595825,35.251440263595825,75415600"
"2017-07-26,35.63693618774414,35.74607771648847,35.544044879798534,35.61139152098924,63124000"
"2017-07-27,34.963470458984375,35.759996648138696,34.206425271122626,35.704261890525075,129905200"
"2017-07-28,34.71731185913086,34.88683352688208,34.64532335132304,34.807878617895376,68854800"
"2017-07-31,34.53851318359375,34.91007126526908,34.39918156054586,34.81021356914964,79383600"
"2017-08-01,34.84504699707031,34.88452446501993,34.4642015812408,34.62443594985058,141474400"
"2017-08-02,36.49150466918945,37.09760655177292,36.26392722992396,36.988461510367614,279747200"
"2017-08-03,36.126914978027344,36.50776035775641,35.999191685920664,36.47060384669994,108389200"
"2017-08-04,36.317344665527344,36.551888554255555,36.154789319703795,36.2430351689112,82239600"
"2017-08-07,36.87930679321289,36.90485144606196,36.38235008241756,36.47291684371169,87481200"
"2017-08-08,37.17424774169922,37.580637876655814,36.753924797637495,36.83055879115649,144823600"
"2017-08-09,37.401817321777344,37.45058568678089,36.94898340434453,36.983815419747046,104526000"
"2017-08-10,36.210506439208984,37.30157582454633,36.049642824288746,37.2782609167138,163217200"
"2017-08-11,36.71407699584961,36.96819669849492,36.38535954469906,36.508920736715325,105028400"
"2017-08-14,37.266597747802734,37.35052641481978,37.010148054874364,37.143036593215776,88490800"
"2017-08-15,37.67459487915039,37.814473661034796,37.334216417589246,37.45544754110693,117862000"
"2017-08-16,37.52304458618164,37.88673429761588,37.33653603849995,37.75384931414014,110686400"
"2017-08-17,36.80266571044922,37.46710142244014,36.798002017624476,37.422805233993365,111762400"
"2017-08-18,36.71873092651367,37.18500052558051,36.536886067465986,36.80265959663989,109712400"
"2017-08-21,36.651123046875,36.80965300150056,36.161538549628425,36.718730572852444,105474000"
"2017-08-22,37.25028991699219,37.30157987390728,36.83997381902732,36.888930150492534,86418400"
"2017-08-23,37.296913146972656,37.41115050669359,37.04046694061006,37.084763132284614,77596400"
"2017-08-24,37.131378173828125,37.47408659209715,36.96352084417168,37.401811820626165,79275600"
"2017-08-25,37.268943786621094,37.43213749871442,37.13139505481073,37.219983894315035,101920400"
"2017-08-28,37.644283294677734,37.76784447658678,37.285253645188696,37.33421352733916,103864000"
"2017-08-29,37.97998809814453,38.028944410128425,37.301565030389256,37.32487993147503,118067600"
"2017-08-30,38.08257293701172,38.20846417016917,37.91005189560232,38.18748289086875,109078400"
"2017-08-31,38.23410415649414,38.35533523890325,38.11287307408504,38.15017549288083,107140400"
"2017-09-01,38.24578094482422,38.45327086292426,38.14786471399281,38.420632119313794,66364400"
"2017-09-05,37.78649139404297,38.292393517744884,37.432125477758476,38.175826109776104,117874000"
"2017-09-06,37.74687194824219,37.99865806335935,37.42281458438288,37.93338057692411,86606800"
"2017-09-07,37.595314025878906,37.82378867572925,37.38549414300479,37.788816323680564,87714000"
"2017-09-08,36.98218536376953,37.56968267165352,36.95887045395499,37.5020751249606,114446000"
"2017-09-11,37.65127944946289,37.77950433243373,37.2759321869604,37.41814459219067,126323200"
"2017-09-12,37.50205993652344,38.224779159801564,37.01480911199718,37.910045791552044,286856000"
"2017-09-13,37.219970703125,37.29224548183914,36.8143184135975,37.27126064551317,179629600"
"2017-09-14,36.90057373046875,37.16168355305076,36.85627755184762,37.066100994154894,95042800"
"2017-09-15,37.27360916137695,37.52772535005012,36.835314408541564,36.94488809675041,196458400"
"2017-09-18,36.991493225097656,37.418130277574946,36.8352933573635,37.32720786031613,113077600"
"2017-09-19,37.005489349365234,37.24795155668751,36.93788181613128,37.1873342261794,83242400"
"2017-09-20,36.38535690307617,36.895919224555115,35.86313357054111,36.81199053820761,211805600"
"2017-09-21,35.760555267333984,36.322411121667834,35.61134910242329,36.322411121667834,150046800"
"2017-09-22,35.41084671020508,35.499439077763675,35.10077698110493,35.329248102469,186581600"
"2017-09-25,35.098445892333984,35.39685816059518,34.774388653018086,34.96789096963907,177549200"
"2017-09-26,35.7022705078125,35.88411540480355,35.36422568942429,35.38520697199507,146640000"
"2017-09-27,35.95637893676758,36.070616268553735,35.79551535680401,35.856132681053886,102016800"
"2017-09-28,35.73490524291992,35.96804006499396,35.59968661923437,35.877117626679286,88022000"
"2017-09-29,35.93073654174805,35.93307016660472,35.43649187240753,35.718586563733275,105199200"
"2017-10-02,35.85847854614258,36.00768474045716,35.60436235787117,35.96338854009941,74795200"
"2017-10-03,36.01467514038086,36.156887558977715,35.881790109070714,35.90510146257561,64921200"
"2017-10-04,35.781532287597656,35.87012466029969,35.543737325116126,35.81650464609564,80655200"
"2017-10-05,36.22683334350586,36.23849080041951,35.91443341941586,35.94473853856367,85135200"
"2017-10-06,36.205833435058594,36.250129614135396,36.0333124105896,36.12889852782328,69630400"
"2017-10-09,36.33174514770508,36.53923508460299,36.250150059964795,36.32475138468038,65051600"
"2017-10-10,36.34571075439453,36.83529521500408,36.15920577640464,36.383013172934284,62468000"
"2017-10-11,36.497257232666016,36.59750349897214,36.31074866289442,36.36203860851548,67622400"
"2017-10-12,36.36903381347656,36.6884273951515,36.30608641273993,36.45063242766684,64500400"
"2017-10-13,36.59983825683594,36.66744579232641,36.46461962849979,36.539220924304615,65576800"
"2017-10-16,37.27360916137695,37.30158421118133,36.75371577013709,36.811999495467056,96486000"
"2017-10-17,37.41114044189453,37.504392935964724,37.122052018509535,37.25027686587202,75989200"
"2017-10-18,37.24561309814453,37.46709399648098,37.208314235005155,37.399482914666294,65496800"
"2017-10-19,36.36437225341797,36.62082200675138,36.14056479355921,36.543887080751354,170336800"
"2017-10-20,36.42731857299805,36.77702083129883,36.359711034962906,36.511247257284445,95896400"
"2017-10-23,36.408660888671875,36.76302677683366,36.25246100127243,36.576518227414056,87937200"
"2017-10-24,36.625484466552734,36.70008576487536,36.415660977975,36.43664225962618,71028800"
"2017-10-25,36.46462631225586,36.73039992498163,36.198852699530086,36.58119374866814,84828400"
"2017-10-26,36.69774627685547,36.79566245678126,36.550870228289575,36.655780166970466,68002000"
"2017-10-27,38.012630462646484,38.14085531617906,36.998492643399054,37.13604132384546,177816800"
"2017-10-30,38.86823654174805,39.1829699641332,38.168832098540996,38.20846459010681,178803200"
"2017-10-31,39.40910339355469,39.55131575795525,38.91952246825695,39.14332987486318,144187200"
"2017-11-01,38.90788269042969,39.61894483541886,38.60947030783689,39.60262368515141,134551200"
"2017-11-02,39.19228744506836,39.28320986566801,38.532515600263935,38.840255212973155,165573600"
"2017-11-03,40.215755462646484,40.62607145512483,39.894028280591726,40.5654576840608,237594400"
"2017-11-06,40.623748779296875,40.79626985390001,40.033917876444164,40.1854541103544,140105200"
"2017-11-07,40.754302978515625,40.85688288274763,40.47221179923316,40.54448303429965,97446000"
"2017-11-08,41.08768844604492,41.08768844604492,40.64240001575944,40.71933494539167,97638000"
"2017-11-09,41.00376510620117,41.05505506598256,40.36497423451421,40.82425024696634,117930400"
"2017-11-10,40.86805725097656,41.034179626513755,40.7744694933025,40.971005926504496,100582000"
"2017-11-13,40.704261779785156,40.828267119235015,40.57089552595637,40.59429424176089,67928400"
"2017-11-14,40.088924407958984,40.58962637830053,40.05148787911344,40.48667770904722,99130000"
"2017-11-15,39.560142517089844,39.850270228825735,39.3963621839097,39.76837827716392,116632400"
"2017-11-16,40.032772064208984,40.21292866021531,39.84559299536479,40.05148675796399,94550000"
"2017-11-17,39.810489654541016,40.10061735144364,39.6911647543555,40.01872540396868,87598000"
"2017-11-20,39.770713806152344,39.9064185208818,39.672445613446854,39.84324483623426,65049600"
"2017-11-21,40.51007843017578,40.64110271745377,39.957902097972784,39.957902097972784,100525200"
"2017-11-22,40.935909271240234,40.945266618461126,40.4890200758842,40.56155111981388,102355600"
"2017-11-24,40.93824768066406,41.06225305956291,40.86337462238495,40.96866530685794,56106800"
"2017-11-27,40.73234558105469,40.963980061627794,40.55686588762935,40.95696115950226,82867200"
"2017-11-28,40.49369430541992,40.91484269830939,40.21058550605959,40.781479992599294,105715200"
"2017-11-29,39.653724670410156,40.45859198877118,39.110909418349486,40.39074142106722,166665600"
"2017-11-30,40.208251953125,40.276102536188226,39.41040335529264,39.876007230103156,166108800"
"2017-12-01,40.021080017089844,40.16614212613674,39.42444818804894,39.763708304124926,159037200"
"2017-12-04,39.72859573364258,40.38839739869547,39.688820772464105,40.3556413383048,130169600"
"2017-12-05,39.691158294677734,40.13102844126435,39.401030644992964,39.55545359902563,109400800"
"2017-12-06,39.54376983642578,39.822198238160624,38.94714162715871,39.19047194178457,114240000"
"2017-12-07,39.616302490234375,39.878351057626205,39.52037272176273,39.548448333942154,102693200"
"2017-12-08,39.62799072265625,40.009367709349114,39.49930847795134,39.8900428102044,93420800"
"2017-12-11,40.40009689331055,40.45157121269032,39.492280973495845,39.588210711443864,141095200"
"2017-12-12,40.173152923583984,40.33459482276244,40.11700170310015,40.27844003213489,77636800"
"2017-12-13,40.3065071105957,40.60365008348949,40.24333343637541,40.36031987078347,95273600"
"2017-12-14,40.29481887817383,40.50773510441506,40.16145259245889,40.33693229251941,81906000"
"2017-12-15,40.704261779785156,40.75105564125142,40.350964020050625,40.62471185827822,160677200"
"2017-12-18,41.27750015258789,41.45999873588689,40.91250298598988,40.91718344380719,117684400"
"2017-12-19,40.8376350402832,41.03651346570218,40.732347932179394,40.952283065190386,109745600"
"2017-12-20,40.79317855834961,41.0435277172431,40.53580692757751,40.91484190185705,93902400"
"2017-12-21,40.947593688964844,41.18390858984374,40.734681074997674,40.75105732062149,83799600"
"2017-12-22,40.947593688964844,41.04352342951681,40.828268801787004,40.870382207799324,65397600"
"2017-12-26,39.90876770019531,40.119341926636636,39.70052834785274,39.96258047892696,132742000"
"2017-12-27,39.915775299072266,39.95788870437662,39.70753957584513,39.79878885748078,85992800"
"2017-12-28,40.02809143066406,40.20825159602638,39.887706237108844,40.00937316684711,65920800"
"2017-12-29,39.59523391723633,39.91343721247929,39.59289547342585,39.89706096551949,103999600"
"2018-01-02,40.3041877746582,40.31354869395776,39.60226877326652,39.81284661577082,102223600"
"2018-01-03,40.29716110229492,40.83998007240303,40.23399097485094,40.367353702932206,118071600"
"2018-01-04,40.484336853027344,40.587285516147695,40.262063277732224,40.369688829071734,89738400"
"2018-01-05,40.94527053833008,41.03183939645067,40.48902395207468,40.58027326932576,94640000"
"2018-01-08,40.79317855834961,41.08798314166222,40.694906793768766,40.79317855834961,82271200"
"2018-01-09,40.78849792480469,40.959297149866934,40.5732432755148,40.83997225073741,86336000"
"2018-01-10,40.779144287109375,40.78148630152458,40.47732074949381,40.51475727869783,95839600"
"2018-01-11,41.010780334472656,41.05991622716522,40.825943266073914,40.84933842009661,74670800"
"2018-01-12,41.434261322021484,41.497435006670855,41.09733976408248,41.22134511941513,101672400"
"2018-01-16,41.22368240356445,41.97239490744549,41.211983045506045,41.62377403010491,118263600"
"2018-01-17,41.90454864501953,41.93964315265485,40.961638125023185,41.214325720283874,137547200"
"2018-01-18,41.94197463989258,42.13851456048156,41.70566333067557,41.967711797937405,124773600"
"2018-01-19,41.75480651855469,42.01685503172588,41.509134252385074,41.78990102651753,129700400"
"2018-01-22,41.4132080078125,41.59570660494731,41.31962026523079,41.48340059982055,108434400"
"2018-01-23,41.422576904296875,41.984114226796976,41.37110613062528,41.48341216706749,130756400"
"2018-01-24,40.762760162353516,41.48339714467017,40.52410679746099,41.47169778528601,204420400"
"2018-01-25,40.03511428833008,40.933569619437826,39.89940953985899,40.83062094334637,166116000"
"2018-01-26,40.12869644165039,40.24334446403802,39.78943640292996,40.24334446403802,156572000"
"2018-01-29,39.2980842590332,39.81282385170851,39.089848550490544,39.81282385170851,202561600"
"2018-01-30,39.06645965576172,39.16004739790291,38.53534011524448,38.7295380718238,184192800"
"2018-01-31,39.17408752441406,39.41040247806591,38.95649440447249,39.04306324959199,129915600"
"2018-02-01,39.255985260009766,39.45252170117444,39.01733182708451,39.113261603180696,188923200"
"2018-02-02,37.55264663696289,39.026676471320826,37.45905891452289,38.83949745629807,346375200"
"2018-02-05,36.614418029785156,38.343477505754464,36.49977003097488,37.22508740195526,290954000"
"2018-02-06,38.14459991455078,38.30604177963437,36.03182500659377,36.22602293342309,272975200"
"2018-02-07,37.328033447265625,38.231168949040736,37.21806947306256,38.15863792407695,206434400"
"2018-02-08,36.300907135009766,37.669650523067176,36.27283151930214,37.50352813312676,217562000"
"2018-02-09,36.74492263793945,37.09261349683352,35.2954238841136,36.899975274837004,282690400"
"2018-02-12,38.2249641418457,38.502176211529274,37.003341181062005,37.235920143110576,243278000"
"2018-02-13,38.60788345336914,38.70420433662891,37.975929558630334,38.04640834113016,130196800"
"2018-02-14,39.31970977783203,39.359646916272006,38.26489040714786,38.30247598263867,162579600"
"2018-02-15,40.6400032043457,40.66349374207075,39.702643640911546,39.888234303148494,204588800"
"2018-02-16,40.50844192504883,41.06992063350234,40.35339290200922,40.49199890679154,160704400"
"2018-02-20,40.37218475341797,40.938355795703735,40.271164333497524,40.419169411304395,135722000"
"2018-02-21,40.18894577026367,40.90546993442809,40.17484714537294,40.60241581622641,149886400"
"2018-02-22,40.524879455566406,40.865522652890775,40.33928883126937,40.36043138630971,123967600"
"2018-02-23,41.22965621948242,41.264893808012744,40.76919808272674,40.79973971591884,135249600"
"2018-02-26,42.044857025146484,42.14352586821339,41.396460234407215,41.429349848762854,152648800"
"2018-02-27,41.908599853515625,42.399596100612726,41.85456768273009,42.075399491200336,155712400"
"2018-02-28,41.84516906738281,42.43248618806671,41.82872605204726,42.1129855310267,151128400"
"2018-03-01,41.11220169067383,42.23515182722027,40.5624736826807,41.943841221891674,195208000"
"2018-03-02,41.396461486816406,41.417604042820585,40.51313424362813,40.59536007435443,153816000"
"2018-03-05,41.53977584838867,41.75590816450628,40.99944326574465,41.161543399007854,113605600"
"2018-03-06,41.504520416259766,41.875705218061974,41.37766151208119,41.79583096044218,95154000"
"2018-03-07,41.1192512512207,41.3118930122191,40.94070811407803,41.09810869248664,126814000"
"2018-03-08,41.56797409057617,41.610259219886295,41.12866185191779,41.22497917469108,95096400"
"2018-03-09,42.28213119506836,42.28683073553249,41.673671546479305,41.80758156446404,128740800"
"2018-03-12,42.69091033935547,42.848310909275334,42.33617206249424,42.35496305722243,128828400"
"2018-03-13,42.279788970947266,43.10908053311904,42.108293360008226,42.895296221645985,126774000"
"2018-03-14,41.92034912109375,42.40899741596787,41.77234405342869,42.36201276130099,117473600"
"2018-03-15,41.96968460083008,42.34322105481381,41.83343016846324,41.934447003614444,90975200"
"2018-03-16,41.821678161621094,42.080095541605395,41.72770527232746,41.969679637122375,157618800"
"2018-03-19,41.182682037353516,41.692472927584866,40.79740210449804,41.65723533010099,133787200"
"2018-03-20,41.16857147216797,41.53505668658369,41.098092719080725,41.16857147216797,78597600"
"2018-03-21,40.235923767089844,41.133342496005184,40.2335722043143,41.12159543622554,148219600"
"2018-03-22,39.66740417480469,40.567170949186654,39.60867245620693,39.93756864647452,165963200"
"2018-03-23,38.74884033203125,39.91877519588673,38.74884033203125,39.55933735467391,164115200"
"2018-03-26,40.588321685791016,40.665847993277964,39.10123397243239,39.48416596813154,150164800"
"2018-03-27,39.54758834838867,41.14743975601389,39.213992623887194,40.802096971098365,163690400"
"2018-03-28,39.11062240600586,39.94226549266874,38.80756833575712,39.291517090797406,166674000"
"2018-03-29,39.416038513183594,40.34869867620136,39.20930167562791,39.423086034036594,153594000"
"2018-04-02,39.15761184692383,39.68854890632688,38.63842543352329,39.14821634870157,150347200"
"2018-04-03,39.55933380126953,39.64390761423454,38.734741813385234,39.38313865631738,121112000"
"2018-04-04,40.31580352783203,40.40977284946621,38.70890446886859,38.73474657002297,138422000"
"2018-04-05,40.595367431640625,40.93131116470009,40.426219783553385,40.54368322890842,107732800"
"2018-04-06,39.55698013305664,40.52017796942348,39.51469144030749,40.1654397524392,140021200"
"2018-04-09,39.94931411743164,40.66349020989333,39.90232946136302,39.90937698053834,116070800"
"2018-04-10,40.70109176635742,40.87728696880919,40.29701714862533,40.64236003220683,113634400"
"2018-04-11,40.510780334472656,40.858471015088746,40.33693320181526,40.46144412632032,89726400"
"2018-04-12,40.9101676940918,41.11220495899255,40.65174668618393,40.73867207140737,91557200"
"2018-04-13,41.048770904541016,41.30953987307731,40.84203769697408,41.06051796495608,100497200"
"2018-04-16,41.304840087890625,41.3917618744456,41.07226121814989,41.1192458707553,86313600"
"2018-04-17,41.873355865478516,42.037803915384,41.44343937341934,41.46223394836548,106421600"
"2018-04-18,41.779388427734375,42.00961931226193,41.55386066842869,41.772340909299764,83018000"
"2018-04-19,40.595367431640625,41.203827218251746,40.56247781032921,40.82089523929037,139235200"
"2018-04-20,38.93207550048828,40.22417309688834,38.86394471070118,40.07851960585239,261964400"
"2018-04-23,38.819313049316406,39.213988427152856,38.54914502750533,39.19284587149001,146062000"
"2018-04-24,38.27898406982422,39.075386001140814,37.87490957405361,38.92033340945452,134768000"
"2018-04-25,38.44578552246094,38.86160713670381,38.154478462401514,38.2038111036761,113528400"
"2018-04-26,38.57969284057617,38.934431141828505,38.380003557038926,38.55619871850129,111852000"
"2018-04-27,38.133331298828125,38.605533017528785,37.736304314562105,38.52800672018398,142623200"
"2018-04-30,38.824005126953125,39.2938587686988,38.02055582973188,38.08868661521634,169709600"
"2018-05-01,39.72612380981445,39.74961433928861,38.82635372441804,39.09417013637348,214277600"
"2018-05-02,41.48104476928711,41.75825679274042,40.83029624761953,41.166239996519735,266157600"
"2018-05-03,41.556209564208984,41.69951508337644,40.980639509575454,41.31893474070514,136272800"
"2018-05-04,43.18660354614258,43.28527239361948,41.85691670617901,41.875711284464984,224805200"
"2018-05-07,43.49905776977539,44.0887228912663,43.402736897928456,43.50375372593912,169805600"
"2018-05-08,43.70814514160156,43.748082279576245,43.149018040556854,43.459123231465554,113611200"
"2018-05-09,44.015899658203125,44.02529515598114,43.51315628663752,43.82560946207637,92844800"
"2018-05-10,44.645503997802734,44.723030300623904,44.084028881643164,44.10517502583062,111957200"
"2018-05-11,44.47569274902344,44.82236714269352,44.20684358643458,44.68794436066,104848800"
"2018-05-14,44.37194061279297,44.69739103369072,44.303550683014535,44.574756968080656,83115200"
"2018-05-15,43.96865463256836,44.117230403575014,43.65263963890767,44.04883689689626,94780800"
"2018-05-16,44.379005432128906,44.445041913162775,43.864891761356354,43.88140178124538,76732400"
"2018-05-17,44.098365783691406,44.55116421714171,43.949790004496656,44.33655555797642,69176000"
"2018-05-18,43.937992095947266,44.29174116474425,43.895543934982,44.14552603450174,73190800"
"2018-05-21,44.24929428100586,44.6360597967801,44.07949443520042,44.33655123563415,73603200"
"2018-05-22,44.13846969604492,44.5441024181634,44.0488520764885,44.426186012862054,60962800"
"2018-05-23,44.42146301269531,44.45447945827249,43.808296339379034,43.94744041579675,80233600"
"2018-05-24,44.37194061279297,44.534665823241845,43.914427996002615,44.5181593982014,92936000"
"2018-05-25,44.47334671020508,44.72568591712509,44.254020350486186,44.39080379663419,69844000"
"2018-05-29,44.3129768371582,44.51343613465707,44.07006936758996,44.24222988370924,90056400"
"2018-05-30,44.21864700317383,44.336563395182296,44.04884711079983,44.27053050353937,74762000"
"2018-05-31,44.070064544677734,44.39079722646225,43.8979076459214,44.152607446031645,109931200"
"2018-06-01,44.86482238769531,44.86953645162613,44.277597561320896,44.33419871518947,93770000"
"2018-06-04,45.23979949951172,45.614772730208344,45.12660078050418,45.19499069863809,105064800"
"2018-06-05,45.58883285522461,45.73740865401023,45.36479244017438,45.532235292656786,86264000"
"2018-06-06,45.7468376159668,45.7704223312926,45.261022707842756,45.66429830937113,83734400"
"2018-06-07,45.62420654296875,45.798720479292754,45.36007140934705,45.78457108970132,85388800"
"2018-06-08,45.20913314819336,45.27988368615735,44.75397771134695,45.084142090483105,106627200"
"2018-06-11,45.09829330444336,45.272810825351335,44.85774650355641,45.126595679888055,73234000"
"2018-06-12,45.34592819213867,45.423753444007204,45.07943599015152,45.13603715474393,67644400"
"2018-06-13,44.97330093383789,45.4874181569556,44.91198571944777,45.37893351770335,86553600"
"2018-06-14,44.996883392333984,45.17847559309577,44.86009998383357,45.17375793114149,86440400"
"2018-06-15,44.53466033935547,44.84596132945059,44.39787689811876,44.81530191719264,246876800"
"2018-06-18,44.511070251464844,44.62426895299645,44.1478858362066,44.30825396202139,73939600"
"2018-06-19,43.79177474975586,43.942707534197545,43.263508204949225,43.66206604472282,134314000"
"2018-06-20,43.9827995300293,44.14788170400339,43.801207339397045,43.94742606364967,82514800"
"2018-06-21,43.737548828125,44.4191054162956,43.614914775314446,44.159687919681474,102847600"
"2018-06-22,43.610198974609375,43.90027229792236,43.558315473070756,43.89319760212371,108801600"
"2018-06-25,42.96165466308594,43.61019477128706,42.62205490339157,43.25172795844052,126652400"
"2018-06-26,43.49462890625,43.989879081387414,43.04890518803509,43.15503279593732,98276800"
"2018-06-27,43.43095016479492,44.16674702488618,43.400290762784,43.68328927831745,101141200"
"2018-06-28,43.746978759765625,43.91442160952756,43.3460637711596,43.41681432174242,69460800"
"2018-06-29,43.65500259399414,44.145535169386115,43.13617123876956,43.93328352507445,90950800"
"2018-07-02,44.14316940307617,44.17147177813843,43.25643961910087,43.35077487177182,70925200"
"2018-07-03,43.37436294555664,44.32476872776422,43.284745340770385,44.28703462064132,55819200"
"2018-07-05,43.72338104248047,43.961574371999696,43.45924957060001,43.690364608495415,66416800"
"2018-07-06,44.32948684692383,44.43796790786526,43.67622905491156,43.72811255310879,69940800"
"2018-07-09,44.94500732421875,44.96858844083861,44.64314168271515,44.690307514477155,79026400"
"2018-07-10,44.89076614379883,45.110088877632826,44.85067140893668,44.97566607914282,63756400"
"2018-07-11,44.30826187133789,44.756342693838846,44.2445860160065,44.454477036854996,75326000"
"2018-07-12,45.05112838745117,45.14074598088069,44.645495783589865,44.69737927467831,72164400"
"2018-07-13,45.12188720703125,45.24216063196947,45.020477238201885,45.06292901075361,50055600"
"2018-07-16,45.0228385925293,45.43318534216058,44.90727923050014,45.16669673769916,60172400"
"2018-07-17,45.150177001953125,45.249226320159714,44.619553341082245,44.749262066777305,62138000"
"2018-07-18,44.902557373046875,45.23272540578134,44.79171568473517,45.22800774285761,65573600"
"2018-07-19,45.251590728759766,45.40959824469999,44.735116413293575,44.735116413293575,81147200"
"2018-07-20,45.14781951904297,45.38129162443984,44.84831093697936,45.228001785572765,82704800"
"2018-07-23,45.18791198730469,45.270454886685215,44.70445414490889,44.968585665291265,63957600"
"2018-07-24,45.51572799682617,45.671378500253525,45.29168756835982,45.38601924397004,74791600"
"2018-07-25,45.94493865966797,45.9520133543751,45.38129492550352,45.52987071139773,66839600"
"2018-07-26,45.80107498168945,46.21378224932292,45.65957390766355,45.89540663202553,76304000"
"2018-07-27,45.03934860229492,46.03220630595924,44.8318181785361,45.985040464128744,96096000"
"2018-07-30,44.7869987487793,45.327054166940535,44.58890010095334,45.256303621710636,84118000"
"2018-07-31,44.876617431640625,45.31290950732972,44.65257701379592,44.878978062458756,157492000"
"2018-08-01,47.52030563354492,47.58162086147488,46.53216569994232,46.96138309102007,271742800"
"2018-08-02,48.909358978271484,49.142834720583664,47.24909782850807,47.30333835907744,249616000"
"2018-08-03,49.05085372924805,49.227728287281295,48.458911238642635,48.82445271161577,133789600"
"2018-08-06,49.30554962158203,49.34799778485918,48.833884170830686,49.05320687813959,101701600"
"2018-08-07,48.843326568603516,49.40696676146404,48.760783657277955,49.364518588912105,102349600"
"2018-08-08,48.876338958740234,49.00840472708714,48.23251653878795,48.59334036963655,90102000"
"2018-08-09,49.260746002197266,49.472994037920536,48.86454511071905,49.414035850383826,93970400"
"2018-08-10,49.11402130126953,49.48557902120588,48.9104936737248,49.07378955771502,98444800"
"2018-08-13,49.431129455566406,49.923382254830344,49.15423793306954,49.53526034152595,103563600"
"2018-08-14,49.639400482177734,49.83109437109607,49.28677602737051,49.73643188137967,82992000"
"2018-08-15,49.75536346435547,49.87369337817859,49.30334232687699,49.51396942903644,115230400"
"2018-08-16,50.48427963256836,50.60024064494456,50.04645747690956,50.11272194430814,114001600"
"2018-08-17,51.49245071411133,51.58001370324593,50.44641460805595,50.51267907731609,141708000"
"2018-08-20,50.990726470947266,51.87109768021594,50.90789408938502,51.615508252096106,121150800"
"2018-08-21,50.89133071899414,51.40015154482209,50.65230557912929,51.30785435109778,104639200"
"2018-08-22,50.89370346069336,51.203727298569135,50.60734344206001,50.66887731660461,76072400"
"2018-08-23,50.99782943725586,51.367018204194856,50.78720232734104,50.799032430245035,75532800"
"2018-08-24,51.156394958496094,51.33152093949992,50.907901389318916,51.26052587214312,73905600"
"2018-08-27,51.577640533447266,51.76696910721527,51.19661808777822,51.39067725781233,82100400"
"2018-08-28,51.994171142578125,52.192964560685056,51.80957673845841,51.83087525943924,91107200"
"2018-08-29,52.77042770385742,52.891126573625364,51.92555367120071,52.10067970005023,109019200"
"2018-08-30,53.255558013916016,54.01996820716036,52.63314154334192,52.83430383105253,195175200"
"2018-08-31,53.87089157104492,54.16434752163263,53.4851347972511,53.605830040366044,173360400"
"2018-09-04,54.043643951416016,54.23770315227704,53.63422341854379,54.0554776662455,109560400"
"2018-09-05,53.69101333618164,54.35366156833602,53.272128046000965,54.192734620702346,133332000"
"2018-09-06,52.798805236816406,53.804609432771265,52.372816855124746,53.539547989084156,137160000"
"2018-09-07,52.37282180786133,53.33602545116315,52.23319337295159,52.50298543834602,150479200"
"2018-09-10,51.66994094848633,52.50298455848554,51.229753521678255,52.28998854549572,158066000"
"2018-09-11,52.976318359375,53.082814588728695,51.25106572150036,51.59422184325931,142996000"
"2018-09-12,52.318389892578125,53.248461282972364,52.02729570420869,53.234262271079686,197114800"
"2018-09-13,53.582157135009766,54.041277818620834,52.67338418396215,52.89821031768042,166825600"
"2018-09-14,52.97395324707031,53.68393297518519,52.661564044494455,53.42597454064459,127997200"
"2018-09-17,51.563453674316406,52.76331733842613,51.41909100904988,52.57398872003908,148780400"
"2018-09-18,51.648651123046875,52.50299339478895,51.3835896141256,51.54215129305673,126286800"
"2018-09-19,51.67940139770508,51.975226159309635,50.95285766099817,51.71016832847742,108495200"
"2018-09-20,52.072261810302734,52.60474642477888,51.86400000551983,52.121961963223164,106435200"
"2018-09-21,51.511383056640625,52.38702376647529,51.423816457857285,52.24976062216609,384986800"
"2018-09-24,52.25212478637695,52.36335520071056,51.26762259076125,51.31258853840368,110773600"
"2018-09-25,52.58345413208008,52.732550997350124,51.99416978895151,52.006003504013755,98217600"
"2018-09-26,52.1645622253418,52.95263993684514,52.008365862094074,52.30182536778894,95938800"
"2018-09-27,53.236637115478516,53.5892616223279,52.902945831595176,52.969213917547854,120724800"
"2018-09-28,53.4235954284668,53.44725924659931,53.016540200703474,53.198765683780366,91717600"
"2018-10-01,53.783329010009766,54.294515274332944,53.56797123972874,53.94662492315275,94403200"
"2018-10-02,54.2613639831543,54.43175934477716,53.6342168960301,53.780944830872215,99152800"
"2018-10-03,54.921653747558594,55.25297609687015,54.37970066265418,54.44359983400097,114619200"
"2018-10-04,53.95606994628906,54.98790683488041,53.65787628249221,54.616349209718315,128168000"
"2018-10-05,53.0804328918457,54.05547386925008,52.202426924769995,53.94897766555082,134322000"
"2018-10-08,52.95737838745117,53.201137756680225,52.11250094585972,52.58818958011952,118655600"
"2018-10-09,53.69101333618164,53.78567943285647,52.59764610036944,52.92660311263696,107564000"
"2018-10-10,51.2037239074707,53.56795704512589,51.13035993373505,53.35732992876048,167962400"
"2018-10-11,50.751705169677734,51.946838159353845,50.247622134232415,50.76827309287209,212497600"
"2018-10-12,52.56452178955078,52.74675089335789,51.31732331289701,52.16456604729884,161351600"
"2018-10-15,51.44038009643555,52.49824981109706,51.41908157869824,52.33968816048203,123164000"
"2018-10-16,52.57398223876953,52.772779249697095,51.298385840102064,51.811937261784536,116736000"
"2018-10-17,52.3467903137207,52.68994635769821,51.90896816755255,52.60948287919308,91541600"
"2018-10-18,51.123260498046875,52.003635406378,50.408546758242004,51.55871374421379,130325200"
"2018-10-19,51.9018669128418,52.36335286065442,51.45694527539042,51.6060421243539,132314800"
"2018-10-22,52.218994140625,52.8603439191293,51.81430782182485,52.015466526416446,115168400"
"2018-10-23,52.711238861083984,52.834302974316415,50.81086086158225,51.078287604430955,155071200"
"2018-10-24,50.90317153930664,53.066242647781394,50.77300788610359,52.68048950792541,163702000"
"2018-10-25,52.017845153808594,52.39176821772767,51.29603175862123,51.52322684458672,119423200"
"2018-10-26,51.189517974853516,52.110124497595585,50.330441703120535,51.09485188352168,189033600"
"2018-10-29,50.22868347167969,51.99179847777258,48.77322335476921,51.87346856312014,183742000"
"2018-10-30,50.47954559326172,50.924463645690075,49.52580670807782,49.97072476050618,146640000"
"2018-10-31,51.79537582397461,52.171664125400724,51.265256450664545,51.326790323875244,153435600"
"2018-11-01,52.59055709838867,52.62368933605675,51.310226322888035,51.84034573672041,233292800"
"2018-11-02,49.1021728515625,50.56236334136385,48.61701955357503,49.59206035653076,365314800"
"2018-11-05,47.7082633972168,48.37091177031548,46.898887056991256,48.34961324821186,264654800"
"2018-11-06,48.224185943603516,48.44901211289893,47.731932947771526,47.78636371038881,127531600"
"2018-11-07,49.686737060546875,49.712769789684685,48.30937854826853,48.74483182553473,133697600"
"2018-11-08,49.51338195800781,49.90048108369952,49.10015564345007,49.867233239338084,101450400"
"2018-11-09,48.558677673339844,48.924403878426105,48.03145938671116,48.81516253903021,137463200"
"2018-11-12,46.112571716308594,47.46149160971139,46.02232604202068,47.259627429985954,204542000"
"2018-11-13,45.65185546875,46.827408453582805,45.46661699229114,45.509366284258455,187531600"
"2018-11-14,44.36231231689453,46.18620004766759,44.15569737370678,46.04845796012335,243204000"
"2018-11-15,45.45711898803711,45.59011034254825,44.38605662645267,44.73991147050331,185915200"
"2018-11-16,45.9605827331543,46.30256253867102,44.994018333700204,45.241001735605465,147713200"
"2018-11-19,44.13907241821289,45.28850181754832,43.93246111209579,45.122262627353955,167701200"
"2018-11-20,42.03019332885742,43.096504796148025,41.6810892663004,42.36029811179492,271300800"
"2018-11-21,41.98271179199219,42.811537992827844,41.92809110860415,42.683293715968375,124496800"
"2018-11-23,40.916385650634766,41.939951460996944,40.871266438053844,41.545724560613166,94496000"
"2018-11-26,41.4697265625,41.548097230703135,40.43428939505379,41.379484515509546,179994000"
"2018-11-27,41.379486083984375,41.50535314333375,40.581534441910556,40.73114788347668,165549600"
"2018-11-28,42.97064971923828,43.05376751403634,41.543358788745984,41.9708336400061,184250000"
"2018-11-29,42.64053726196289,43.4123654086961,42.20118748278702,43.37911757194036,167080000"
"2018-11-30,42.410186767578125,42.825786644844754,42.042083294393294,42.816285189782384,158126000"
"2018-12-03,43.892086029052734,43.92058313866177,43.03476295213865,43.80659107648332,163210000"
"2018-12-04,41.961334228515625,43.31500152005368,41.86159070426997,42.97302165192976,165377200"
"2018-12-06,41.49348449707031,41.507733053331634,40.472295688010675,40.79052552365589,172393600"
"2018-12-07,40.01395034790039,41.438863958560475,39.96882750376399,41.2013783567838,169126400"
"2018-12-10,40.277557373046875,40.39392299254589,38.78852171429132,39.18512221335925,248104000"
"2018-12-11,40.04719543457031,40.797647130558154,39.66009277068402,40.76677646859411,189126800"
"2018-12-12,40.1588134765625,40.8285209353053,40.13981419510096,40.46754183502088,142510800"
"2018-12-13,40.598167419433594,40.98289660129505,40.265688989423055,40.48892605974861,127594400"
"2018-12-14,39.29911804199219,40.15406769431689,39.25162164436145,40.13506841051603,162814800"
"2018-12-17,38.933387756347656,39.98070006589324,38.64602860130792,39.2919896885735,177151600"
"2018-12-18,39.43923568725586,39.785962637088474,39.0402579913097,39.275370041978476,135366000"
"2018-12-19,38.20905303955078,39.76695779190644,37.78157829073558,39.42260444171222,196189200"
"2018-12-20,37.244876861572266,38.49880086889331,36.88152408807262,38.09269879182356,259092000"
"2018-12-21,35.796207427978516,37.56072751526206,35.53497541336422,37.251995476406,382978400"
"2018-12-24,34.870018005371094,35.990950549802086,34.81302014550831,35.18349717525792,148676800"
"2018-12-26,37.32561492919922,37.339863486779244,34.843890893788085,35.219118612948485,234330000"
"2018-12-27,37.0833740234375,37.23061755574268,35.63946480198552,37.009754069156195,212468400"
"2018-12-28,37.10236740112305,37.64621135368628,36.703393406418876,37.40397507190618,169165600"
"2018-12-31,37.460975646972656,37.84570111622469,37.16174150533906,37.64858765548356,140014000"
"2019-01-02,37.503726959228516,37.724590460067255,36.6274044817337,36.784145853458895,148158800"
"2019-01-03,33.76808166503906,34.6064056330403,33.72295881640133,34.19317934017915,365248800"
"2019-01-04,35.20960998535156,35.27848283128066,34.15042635194018,34.323789806748884,234428400"
"2019-01-07,35.13125228881836,35.34499155915994,34.64915668419154,35.314117263459316,219111200"
"2019-01-08,35.80096435546875,36.05507575894766,35.271372331890156,35.51835583150387,164101200"
"2019-01-09,36.40892028808594,36.69865303809117,35.53497493470445,35.92919831490206,180396400"
"2019-01-10,36.5252799987793,36.565652109291655,35.82707186978907,36.216548044796546,143122800"
"2019-01-11,36.16668701171875,36.501542638359126,35.98144849990563,36.30680629526423,108092800"
"2019-01-14,35.62285232543945,35.92446015644314,35.43761378324668,35.82471660478118,129756800"
"2019-01-15,36.35192108154297,36.42791458616587,35.634713583499995,35.68696070331559,114843600"
"2019-01-16,36.79601287841797,37.01924988238542,36.33529031682422,36.354289596283365,122278800"
"2019-01-17,37.01450729370117,37.441982116151216,36.397043258635236,36.620280311678194,119284800"
"2019-01-18,37.24250411987305,37.49423834764518,37.04301340511108,37.403992634389624,135004000"
"2019-01-22,36.406532287597656,37.22110591193668,36.24504024367775,37.14511242707088,121576000"
"2019-01-23,36.55378723144531,36.84351998595546,36.02656885020508,36.60840791094517,92522400"
"2019-01-24,36.26404571533203,36.68676973887957,36.03606159804956,36.59890123781676,101766000"
"2019-01-25,37.465721130371094,37.553593252863344,36.64877383724475,36.92425433639867,134142000"
"2019-01-28,37.11900329589844,37.1261275746307,36.49204140125868,36.997883309964045,104768400"
"2019-01-29,36.734275817871094,37.553604147254646,36.59891089197935,37.10712999950282,166348800"
"2019-01-30,39.24448776245117,39.458223311358054,38.05230926781852,38.76951665488747,244439200"
"2019-01-31,39.527099609375,40.13506210044691,39.080625569606816,39.4487289349215,162958400"
"2019-02-01,39.54609680175781,40.130309255024635,39.405977566123646,39.65059102884413,130672400"
"2019-02-04,40.669403076171875,40.7667730276874,39.72658509160154,39.75745937470211,125982000"
"2019-02-05,41.365234375,41.57897355982607,40.930638975712235,41.05175531049415,144406400"
"2019-02-06,41.379486083984375,41.6953423197784,41.049381294111875,41.47685241143466,112958400"
"2019-02-07,40.59577941894531,41.30823605002897,40.453286643231856,40.94250628344394,126966800"
"2019-02-08,40.64348602294922,40.70311205010361,40.16886153665804,40.30481062542633,95280000"
"2019-02-11,40.40976333618164,40.83430414432402,40.36683432865648,40.79614260033379,83973600"
"2019-02-12,40.75796890258789,40.784204501347254,40.47414841763224,40.569552249159045,89134000"
"2019-02-13,40.58863830566406,41.13719862995303,40.52662853099256,40.877229955507104,89960800"
"2019-02-14,40.736507415771484,40.846217281030114,40.39783197721137,40.47653877930612,87342800"
"2019-02-15,40.6458740234375,40.95115902339319,40.48607669059228,40.84383289109825,98507200"
"2019-02-19,40.76750946044922,40.889148896685995,40.42406656800364,40.476537768089266,75891200"
"2019-02-20,41.029869079589844,41.337541474435355,40.78182636217737,40.82952646483924,104457600"
"2019-02-21,40.798519134521484,41.1109589873407,40.617257291473365,40.97501351487574,68998800"
"2019-02-22,41.25404739379883,41.2612022244292,40.87482681325659,40.922526897220116,75652800"
"2019-02-25,41.554569244384766,41.945715831476846,41.48778838604835,41.53787584944258,87493600"
"2019-02-26,41.578426361083984,41.80977566356522,41.30176069059117,41.43055496170665,68280800"
"2019-02-27,41.70722198486328,41.73822869074752,41.19682321958781,41.311307838567444,111341600"
"2019-02-28,41.297000885009766,41.716770607277816,41.24214593786257,41.576054002328995,112861600"
"2019-03-01,41.73107147216797,41.77400047236852,41.234982402793754,41.56650302616348,103544800"
"2019-03-04,41.940956115722656,42.394112543739396,41.4925671504077,41.90279457840128,109744800"
"2019-03-05,41.864620208740234,41.97671741570895,41.62849986313485,41.96240775342075,78949600"
"2019-03-06,41.623741149902344,41.855090443606244,41.485408319904245,41.65951531314144,83241600"
"2019-03-07,41.14196014404297,41.60465871287591,41.0274791869895,41.46870961945666,99185600"
"2019-03-08,41.23975372314453,41.27791526082564,40.426453692828076,40.622028843980345,95997600"
"2019-03-11,42.66837692260742,42.720848109464065,41.82169038046762,41.85508080489609,128044000"
"2019-03-12,43.14780044555664,43.56756657362587,42.7805018991211,42.93076072623434,129870400"
"2019-03-13,43.33858871459961,43.71780942231808,43.15016840672244,43.46737934842093,124130000"
"2019-03-14,43.820377349853516,43.90862638199685,43.54132786172392,43.86092262871486,94318000"
"2019-03-15,44.39038848876953,44.67898009371108,43.82275112158004,44.08749085728255,156171600"
"2019-03-18,44.843544006347656,44.931789362919865,44.311677218092875,44.31406458834656,104879200"
"2019-03-19,44.488182067871094,45.07490392114361,44.34269438014027,44.92226139953133,126585600"
"2019-03-20,44.8769416809082,45.19415263672283,44.05887055501057,44.41662677956,124140800"
"2019-03-21,46.52976608276367,46.82551249017216,45.27046466941773,45.320552133949356,204136800"
"2019-03-22,45.56621551513672,47.14988281885893,45.501818379976086,46.58939664841029,169630800"
"2019-03-25,45.01527404785156,45.78802515555478,44.50487531846958,45.67592791524002,175381200"
"2019-03-26,44.55017852783203,46.00267123954299,44.023086513229856,45.71169595103682,199202000"
"2019-03-27,44.95086669921875,45.25853537790645,44.492939277369054,45.0176475541166,119393600"
"2019-03-28,45.0105094909668,45.21085213029726,44.726688932272815,45.06536443379383,83121600"
"2019-03-29,45.303863525390625,45.33487023011922,44.96757179333069,45.275244191354744,94256000"
"2019-04-01,45.611534118652344,45.71647288572653,44.929412116605654,45.706934321186864,111448000"
"2019-04-02,46.27457046508789,46.37951286036313,45.56621293626409,45.575751499796354,91062800"
"2019-04-03,46.59178924560547,46.866067574679796,46.067077180669855,46.09092905245227,93087200"
"2019-04-04,46.672882080078125,46.8350631704563,46.06469571259025,46.45822614134336,76457200"
"2019-04-05,46.98531723022461,47.009169100776084,46.730116044604905,46.85413922076049,74106400"
"2019-04-08,47.72467041015625,47.755673467497736,46.82789269236552,46.84697345649762,103526800"
"2019-04-09,47.581581115722656,48.38057152751511,47.51718397190465,47.77715627869409,143072800"
"2019-04-10,47.84870147705078,47.8773244498053,47.26675076793066,47.38600284310168,86781200"
"2019-04-11,47.45039367675781,47.93932784783885,47.328757886390626,47.90355368575557,83603200"
"2019-04-12,47.43132019042969,47.734221486599644,46.79690190331519,47.51002699837706,111042800"
"2019-04-15,47.51717758178711,47.66505261953051,47.22620224726255,47.362151350453125,70146400"
"2019-04-16,47.52195739746094,48.02758508951519,47.35738893259443,47.572044876053546,102785600"
"2019-04-17,48.44735336303711,48.506979405717246,47.369313492380456,47.59112062429385,115627200"
"2019-04-18,48.62145233154297,48.69061692830525,48.30185766916621,48.44495796431432,96783200"
"2019-04-22,48.78123092651367,48.87901845617408,48.258906497522965,48.375774787064636,77758000"
"2019-04-23,49.48482894897461,49.54922607406308,48.630983846339284,48.757390726408396,93292000"
"2019-04-24,49.408512115478516,49.723335647068595,49.38227651790569,49.456212209442604,70162400"
"2019-04-25,48.96013641357422,49.55162574447555,48.92197487241029,49.32981861011938,74172800"
"2019-04-26,48.72638702392578,48.89333916149856,48.20644620773211,48.869487296438024,74596400"
"2019-04-29,48.80032730102539,49.12469304422843,48.62144921409616,48.75023983540025,88818800"
"2019-04-30,47.860618591308594,48.51173378273669,47.4885527676354,48.43064325999435,186139600"
"2019-05-01,50.20988464355469,51.352317692477015,49.90221231353754,50.05724216362862,259309200"
"2019-05-02,49.883140563964844,50.71790507301995,49.63986895589644,50.04770900660693,127985200"
"2019-05-03,50.50324249267578,50.524706987957686,50.14071524657425,50.29812882387562,83569600"
"2019-05-06,49.72334289550781,49.80920453287324,48.53559327802315,48.72400995039716,129772400"
"2019-05-07,48.38294982910156,49.47052812168986,47.898786717614094,49.103233348565844,155054800"
"2019-05-08,48.39248275756836,48.97443337179271,48.11820448511399,48.15397864611798,105358000"
"2019-05-09,47.87255096435547,48.10151289928511,46.90422474446259,47.79622789318936,139634400"
"2019-05-10,47.2093505859375,47.60918957732427,46.15349960538394,47.266813330080936,164834800"
"2019-05-13,44.46556854248047,45.36579626358833,43.77842680351272,44.94202086357993,229722400"
"2019-05-14,45.16947555541992,45.41847349035006,44.39135198547642,44.63077462238211,146118800"
"2019-05-15,45.71055221557617,45.90927336789819,44.537383197089945,44.597238833814714,106178800"
"2019-05-16,45.50944519042969,46.08166501987308,45.21255987117796,45.468743789558665,132125600"
"2019-05-17,45.25086975097656,45.70577121307955,44.714561831332965,44.75526323345386,131516400"
"2019-05-20,43.835880279541016,44.13755507522487,43.1631033991647,43.93883389096766,154449200"
"2019-05-21,44.6762580871582,45.011448261831,44.2213529606178,44.345853734052945,113459200"
"2019-05-22,43.76166915893555,44.4631793828225,43.70660297552515,44.2117848841149,118994400"
"2019-05-23,43.014678955078125,43.22536842624366,42.571745542044674,43.04819798367038,146118800"
"2019-05-24,42.849464416503906,43.608433644945144,42.76566504244201,43.143953201217286,94858800"
"2019-05-28,42.67229461669922,43.237332173533716,42.59568127428577,42.837496817068114,111792800"
"2019-05-29,42.46878433227539,42.94044717291875,42.13837995674067,42.238937015968816,113924800"
"2019-05-30,42.689064025878906,42.91172536183244,42.29880389343976,42.6052646276361,84873600"
"2019-05-31,41.91571807861328,42.61483166128946,41.89656383142089,42.19344552965514,108174400"
"2019-06-03,41.4919319152832,42.598063014392494,40.766481823880554,42.042604554336634,161584400"
"2019-06-04,43.0098876953125,43.05537858650869,41.78404481099398,42.00431322593872,123872000"
"2019-06-05,43.70420837402344,44.290796781787606,43.369018129557915,44.120805094973164,119093600"
"2019-06-06,44.345855712890625,44.4057113648459,43.61082655329625,43.8334914782854,90105200"
"2019-06-07,45.52621078491211,45.94998985503987,44.47754216929505,44.654712574082296,122737600"
"2019-06-10,46.10800552368164,46.77599298149099,45.87815821635535,45.92364909565006,104883600"
"2019-06-11,46.64192199707031,46.92683551148941,46.352222660423585,46.65389385923823,107731600"
"2019-06-12,46.49348068237305,46.919652667642254,46.301941849451076,46.436017936506644,73012800"
"2019-06-13,46.48390579223633,47.11598143878726,46.35222625806714,46.61558897970521,86698400"
"2019-06-14,46.14631652832031,46.34982356084615,45.56212475815353,45.86140302948494,75046000"
"2019-06-17,46.421653747558594,46.677837716141795,46.00984653024875,46.184624027838574,58676400"
"2019-06-18,47.51341247558594,47.95394916644094,46.73768561849317,46.93879971823583,106204000"
"2019-06-19,47.37455368041992,47.855795495195196,47.240477594832555,47.80790804751456,84496800"
"2019-06-20,47.75523376464844,48.03056829541135,47.41285754434342,47.97310555578911,86056000"
"2019-06-21,47.59242248535156,48.08802900374868,47.44158508352656,47.597211960109185,191202400"
"2019-06-24,47.54454040527344,47.92282855213777,47.446376262360126,47.53496145541416,72881600"
"2019-06-25,46.82387161254883,47.70733778640023,46.75682993500105,47.50861662405423,84281200"
"2019-06-26,47.83662796020508,48.12154138959347,47.25004342203398,47.350600458294885,104270000"
"2019-06-27,47.8222770690918,48.2604209170684,47.78157566069608,47.95395659195468,83598800"
"2019-06-28,47.38651657104492,47.764804685647896,47.17822009560668,47.568476416564636,124442400"
"2019-07-01,48.25562286376953,48.95952585004053,48.04014034472605,48.64348628342958,109012000"
"2019-07-02,48.53813552856445,48.633906746442946,48.21012778391434,48.22209964281145,67740800"
"2019-07-03,48.940372467041016,48.94755485247247,48.52856532024344,48.66982377146037,45448000"
"2019-07-05,48.897281646728516,49.10079233915633,48.57884911730465,48.68659222111898,69062000"
"2019-07-08,47.88930892944336,48.219709629436664,47.50383840170208,48.07845117383741,101354400"
"2019-07-09,48.18140411376953,48.24604558375023,47.59960531085121,47.69297997634442,82312000"
"2019-07-10,48.6578483581543,48.77755964433517,48.258013100706,48.32744769253809,71588400"
"2019-07-11,48.30351638793945,48.93559199528535,48.293941090035496,48.67701511228483,80767200"
"2019-07-12,48.674625396728516,48.84222052079679,48.41125902083571,48.471114683238646,70380800"
"2019-07-15,49.13190841674805,49.289924540363614,48.84220549240544,48.86375264744867,67789600"
"2019-07-16,48.961917877197266,49.34738837923282,48.722495295890674,48.983465032723174,67467200"
"2019-07-17,48.68658447265625,49.10317743545347,48.667430227322086,48.85417955270678,56430000"
"2019-07-18,49.239654541015625,49.29232780714967,48.770384620902945,48.84221213411293,74162400"
"2019-07-19,48.504634857177734,49.44077831612982,48.44956866938637,49.270786623426325,83717200"
"2019-07-22,49.6131477355957,49.61554064622825,48.74883206842125,48.75840736425008,89111600"
"2019-07-23,50.00101852416992,50.017779860965895,49.62991273666517,49.91004041383206,73420800"
"2019-07-24,49.9603157043457,50.07523753448428,49.60118178852593,49.720893093799184,59966400"
"2019-07-25,49.56527328491211,50.096791809335336,49.495838677205825,50.01299242853102,55638400"
"2019-07-26,49.73765182495117,50.214100456871776,49.59399680482801,49.67539961135831,70475600"
"2019-07-29,50.20212173461914,50.43196900474059,49.9052400917812,49.910029566010394,86693600"
"2019-07-30,49.98664093017578,50.31704522638405,49.63468948072739,49.9818514561341,135742800"
"2019-07-31,51.006591796875,53.00098259885539,50.58999878893159,51.81584139677293,277125600"
"2019-08-01,49.90284729003906,52.201305551333476,49.49822619298105,51.21248911312201,216071600"
"2019-08-02,48.84700393676758,49.42400967424095,48.274784021316925,49.20853077764251,163448400"
"2019-08-05,46.28995895385742,47.56129222006281,46.10799911526764,47.40327609986838,209572000"
"2019-08-06,47.1662483215332,47.42243223605077,46.45755587635723,47.001046156589894,143299200"
"2019-08-07,47.65467071533203,47.77917148507969,46.40488815632608,46.78556919770773,133457600"
"2019-08-08,48.705726623535156,48.72967033937788,47.738461148237676,47.93239282535018,108038000"
"2019-08-09,48.304386138916016,48.729771632927324,47.89581833034356,48.378888558753715,98478800"
"2019-08-12,48.181819915771484,48.5591433982837,47.86217750716622,47.97513398491319,89927600"
"2019-08-13,50.22224426269531,50.98409726275787,48.18182158394449,48.311603087933506,188874000"
"2019-08-14,48.72736740112305,49.61419405795877,48.68891335806939,48.825904511255764,146189600"
"2019-08-15,48.48463439941406,49.301762666206294,47.98714483073128,48.89800620511257,108909600"
"2019-08-16,49.62861633300781,49.787236519570556,48.98933158147647,49.0950783725183,110481600"
"2019-08-19,50.55390167236328,51.125890062869516,50.47699357474702,50.61878875414958,97654400"
"2019-08-20,50.556304931640625,51.27489985948379,50.546693252789694,50.68127875978292,107537200"
"2019-08-21,51.104248046875,51.346982292320256,50.854304127508136,51.1883657988658,86141600"
"2019-08-22,51.061012268066406,51.53686929028118,50.6500423394396,51.236453855290435,89014800"
"2019-08-23,48.7009391784668,50.96246709693238,48.30679433653748,50.33279395070405,187272000"
"2019-08-26,49.626216888427734,49.79444876140259,49.282539799826424,49.47480636916046,104174400"
"2019-08-27,49.06623077392578,50.12128915600917,48.914820289921586,49.95545932441961,103493200"
"2019-08-28,49.39550018310547,49.44116390949585,48.86436782300073,49.051826734470644,63755200"
"2019-08-29,50.231849670410156,50.306355759343454,49.667070999812736,50.109281524994124,83962000"
"2019-08-30,50.16696548461914,50.57793166287148,49.79685169001332,50.508236909621736,84573600"
"2019-09-03,49.436344146728516,49.743969139920104,49.08065343594684,49.61178566616297,80092000"
"2019-09-04,50.275108337402344,50.344803082405896,49.82568816430708,50.082841787242316,76752400"
"2019-09-05,51.25806427001953,51.42389411665541,50.832675141759566,50.95043926969008,95654800"
"2019-09-06,51.25325393676758,51.53204022483421,51.07300475059711,51.44311846648742,77449200"
"2019-09-09,51.47196960449219,52.01752496664898,50.72694165520818,51.63299180966499,109237600"
"2019-09-10,52.07999801635742,52.099225036483446,50.88074243182706,51.39745530418963,127111600"
"2019-09-11,53.73589324951172,53.76473561660298,52.32754595134343,52.4092617130592,177158400"
"2019-09-12,53.61572265625,54.41602951693154,53.56044726361797,54.02669243174888,128906800"
"2019-09-13,52.57268524169922,53.062961469937115,52.156911432083696,52.8731005859375,159053200"
"2019-09-16,52.84907150268555,52.90435057226379,52.28669479868519,52.32755084977788,84632400"
"2019-09-17,53.04132843017578,53.07017079472141,52.66160302374134,52.863484906843915,73274800"
"2019-09-18,53.538822174072266,53.55804919622197,52.73851525459077,53.12785236837871,101360000"
"2019-09-19,53.103816986083984,53.77674437024011,52.96201816775611,53.35616292155293,88242400"
"2019-09-20,52.32754898071289,53.48835439269536,52.26506390489358,53.20476404800031,221652400"
"2019-09-23,52.56548309326172,52.83465410674232,52.3083257615272,52.620758497705765,76662000"
"2019-09-24,52.315528869628906,53.471530215080406,52.19776839960509,53.12064347326149,124763200"
"2019-09-25,53.12065124511719,53.23360772644387,52.18575868726323,52.524628131243276,87613600"
"2019-09-26,52.846656799316406,53.09900638805851,52.59190520832725,52.87309349274994,75334000"
"2019-09-27,52.589508056640625,53.103818957729175,52.21939431443392,53.002876179178735,101408000"
"2019-09-30,53.82722473144531,53.9738275789729,53.062966121770074,53.089402821067836,103909600"
"2019-10-01,53.976226806640625,54.84863417143314,53.882497362527516,54.09158894337955,139223200"
"2019-10-02,52.62315368652344,53.733487563158945,52.37560808292696,53.60851376014331,138449200"
"2019-10-03,53.070186614990234,53.103832994340806,51.70269507713419,52.49578882856634,114426000"
"2019-10-04,54.55782699584961,54.67318912519149,53.80799149102436,54.22857296123739,138478800"
"2019-10-07,54.569847106933594,55.25959957952468,54.27664143090137,54.3799862186076,122306000"
"2019-10-08,53.93056106567383,54.81017807266463,53.91373971335013,54.27183612343445,111820000"
"2019-10-09,54.56263732910156,54.74528854203184,54.22857560601276,54.56263732910156,74770400"
"2019-10-10,55.29804992675781,55.3821676863081,54.62752452153625,54.7789313546757,113013600"
"2019-10-11,56.76888656616211,57.11255994872208,55.83158852183792,55.98540102647654,166795600"
"2019-10-14,56.687171936035156,57.230325218831695,56.3987739424967,56.45404933835654,96427600"
"2019-10-15,56.55498504638672,57.114955944106484,56.44923827297353,56.812138638842434,87360000"
"2019-10-16,56.32667922973633,56.535770821642835,56.045490882530835,56.086346932926865,73903200"
"2019-10-17,56.54537582397461,56.754463724015515,56.12239235171388,56.49971210622329,67585200"
"2019-10-18,56.816959381103516,57.09814772935947,56.30745241628178,56.37955283902993,97433600"
"2019-10-21,57.80231475830078,57.91767689190389,57.03565787328163,57.08372359535983,87247200"
"2019-10-22,57.670135498046875,58.208477458025,57.58841973582485,57.95853350048938,82293600"
"2019-10-23,58.44399642944336,58.45841944527722,57.97294725988833,58.18444081930115,75828800"
"2019-10-24,58.540138244628906,58.8333439248231,58.11474907464559,58.763645508761726,69275200"
"2019-10-25,59.26113510131836,59.297183477090634,58.37190638286585,58.43919912909384,73477200"
"2019-10-28,59.85474395751953,59.90280967116192,59.29476940899745,59.46300124033525,96572800"
"2019-10-29,58.47045135498047,60.0229998310363,58.29741544999422,59.835540905719206,142839600"
"2019-10-30,58.46322250366211,58.953502353059164,57.970544319100384,58.823720882909704,124522000"
"2019-10-31,59.785057067871094,59.883594183478614,57.021235828674115,59.41975464010306,139162000"
"2019-11-01,61.4818115234375,61.50824455627897,59.88119750508098,59.97252128655309,151125200"
"2019-11-04,61.88556671142578,61.969684482565675,61.37606341335742,61.84470699366309,103272000"
"2019-11-05,61.7966423034668,62.05139394165395,61.60197373719849,61.77741161321152,79897600"
"2019-11-06,61.82307815551758,61.883161230177926,61.37365793055572,61.710121681781736,75864400"
"2019-11-07,62.536598205566406,62.75837098318758,62.21840535973675,62.370270461445436,94940400"
"2019-11-08,62.70774459838867,62.780057802220625,61.914675466597124,62.35821361498367,69986400"
"2019-11-11,63.20430374145508,63.26938561343264,62.259369691789686,62.26418811906959,81821200"
"2019-11-12,63.146461486816406,63.346540292385484,62.89577079131736,63.04762853024531,87388800"
"2019-11-13,63.75150680541992,63.826232904316335,62.93192525352502,62.946387894835354,102734400"
"2019-11-14,63.310386657714844,63.85034492735481,63.180215519005316,63.57795289999475,89182800"
"2019-11-15,64.06246185302734,64.06728028085237,63.39956388635737,63.5610658168469,100206400"
"2019-11-18,64.38548278808594,64.46502731928551,63.69365943729218,64.07210837908097,86703200"
"2019-11-19,64.19021606445312,64.60241598727268,63.97326912383115,64.57830913689737,76167200"
"2019-11-20,63.44295120239258,64.13959286996739,62.770409030092004,64.00942911252466,106234400"
"2019-11-21,63.158504486083984,63.64061205550533,62.95842572520261,63.56347307886726,121395200"
"2019-11-22,63.103065490722656,63.44053935025517,62.87647432295545,63.298318486465696,65325200"
"2019-11-25,64.20950317382812,64.22637870631682,63.2814445198713,63.327245332981434,84020400"
"2019-11-26,63.7081184387207,64.39994174998013,63.27663002561703,64.3469096134178,105207600"
"2019-11-27,64.56385040283203,64.59760146667433,63.95398456897874,64.01906644818817,65235600"
"2019-11-29,64.42163848876953,64.6024288680645,64.09621433476273,64.26495496465644,46617600"
"2019-12-02,63.67680358886719,64.66271322649793,63.505657367607235,64.42647773957248,94487200"
"2019-12-03,62.54141616821289,62.56069723689113,61.77968521879456,62.26661128399151,114430400"
"2019-12-04,63.09342956542969,63.471885858788234,62.83791308419663,62.93192761261715,67181600"
"2019-12-05,64.01905822753906,64.09379166553936,63.33206085496577,63.58757726755583,74424400"
"2019-12-06,65.25566864013672,65.32557629817515,64.43367434343493,64.47706961595611,106075600"
"2019-12-09,64.34208679199219,65.27736940401036,63.85756627540826,65.08452929679349,128042400"
"2019-12-10,64.71814727783203,65.10142205791261,64.08657994334212,64.74707256593162,90420400"
"2019-12-11,65.27015686035156,65.34970876083788,64.72296719751874,64.79769331229033,78756800"
"2019-12-12,65.43647766113281,65.70163837389192,64.43851852305019,64.54940123697496,137310400"
"2019-12-13,66.32595825195312,66.3621148543044,65.3087108196568,65.43646905221725,133587600"
"2019-12-16,67.46131896972656,67.68550461462198,66.76709014300219,66.77190857113695,128186000"
"2019-12-17,67.59391784667969,67.92174758501162,67.20581728332861,67.3914334748193,114158400"
"2019-12-18,67.4323959350586,67.95307308973534,67.28294373773436,67.44685857632358,116028400"
"2019-12-19,67.49989318847656,67.77951652381924,67.24197117220628,67.37454784079026,98369200"
"2019-12-20,67.36007690429688,68.13385757058333,67.14794837558046,68.03261909048223,275978000"
"2019-12-23,68.45929718017578,68.5195606460034,67.58427047933793,67.62283998023321,98572000"
"2019-12-24,68.52437591552734,68.67383548324801,68.19895910016623,68.62562177025686,48478800"
"2019-12-26,69.88391876220703,69.9007942963268,68.62803033131719,68.65695561473434,93121200"
"2019-12-27,69.85736846923828,70.86256576673098,69.45239996571469,70.17556116045371,146266000"
"2019-12-30,70.27201843261719,70.55405468487673,68.75338206119498,69.77544807084396,144114400"
"2019-12-31,70.78543853759766,70.79266985648837,69.7898852841712,69.88871821326251,100805600"
"2020-01-02,72.40052032470703,72.46078378305016,71.15668166173941,71.40978524422886,135480400"
"2020-01-03,71.69664764404297,72.45596582996416,71.47246932030643,71.62915285765841,146322800"
"2020-01-06,72.2679214477539,72.306490935931,70.56849521434884,70.8191932093111,118387200"
"2020-01-07,71.92803192138672,72.53307183094348,71.70867212634163,72.27755544471,108872000"
"2020-01-08,73.08509826660156,73.38641550034151,71.63154422529517,71.63154422529517,132079200"
"2020-01-09,74.63749694824219,74.83033706552648,73.81068409472688,74.06137477592067,170108400"
"2020-01-10,74.80623626708984,75.370308736383,74.30484750773756,74.87132551313572,140644800"
"2020-01-13,76.4044189453125,76.4309386915993,75.00389679896787,75.12201817653433,121532000"
"2020-01-14,75.3727035522461,76.55146021431688,75.24977111147209,76.34174457661803,161954400"
"2020-01-15,75.04966735839844,76.05245175720147,74.61817912224107,75.17260711464533,121923600"
"2020-01-16,75.98979187011719,76.10068190640935,75.23047392822782,75.59205460116348,108829200"
"2020-01-17,76.83108520507812,76.83349074089385,75.93195182564011,76.23808752279956,137816400"
"2020-01-21,76.31041717529297,76.90099467937888,76.17301471865545,76.459869381581,110843200"
"2020-01-22,76.58280944824219,77.13481745633268,76.48879491769239,76.79493065234263,101832400"
"2020-01-23,76.95162963867188,77.03117417903718,76.0886526637108,76.63584965719392,104472000"
"2020-01-24,76.72982788085938,77.93991520434014,76.53939333547534,77.19747280109205,146537600"
"2020-01-27,74.47357177734375,75.15333787807808,73.4924810810553,74.74113795467083,161940000"
"2020-01-28,76.58038330078125,76.75152944120848,75.25458738363722,75.35342032568062,162234000"
"2020-01-29,78.18339538574219,79.0294966511186,77.46987813568431,78.20991513135742,216229200"
"2020-01-30,78.07009887695312,78.12313101118072,76.8359045055242,77.26739289963146,126743200"
"2020-01-31,74.60855865478516,77.78323285410741,74.31447274556798,77.36138873428479,199588400"
"2020-02-03,74.40367889404297,75.56796570063159,72.85129158100523,73.35268032975995,173788400"
"2020-02-04,76.8599853515625,77.05041986317606,75.60168455282226,76.00665306459754,136616400"
"2020-02-05,77.48674774169922,78.28463523931488,76.88411323556181,77.98572352193352,118826800"
"2020-02-06,78.39311981201172,78.39553270453209,77.19990767879175,77.75674147890366,105425600"
"2020-02-07,77.32754516601562,78.141823360646,76.83704482888538,77.89294895065062,117684000"
"2020-02-10,77.69479370117188,77.69479370117188,75.8342789707218,75.91401226143752,109348800"
"2020-02-11,77.2260513305664,78.26262851927434,77.00858949259958,78.19014369789785,94323200"
"2020-02-12,79.06001281738281,79.06484268174145,77.67549348632544,77.67549348632544,113730400"
"2020-02-13,78.49701690673828,78.82321339617904,78.12974813739189,78.33271303943899,94747600"
"2020-02-14,78.51632690429688,78.76520124751363,78.00891111869721,78.46558016405162,80113600"
"2020-02-18,77.07864379882812,77.2598631808003,76.01790281024333,76.19912219221548,152531200"
"2020-02-19,78.19498443603516,78.42453202537972,77.32029972520789,77.32029972520789,93984000"
"2020-02-20,77.39276885986328,78.44384294584167,76.88777163956716,77.95576130740083,100566000"
"2020-02-21,75.6409912109375,77.4290289157497,75.0248480652508,76.9868493533589,129554000"
"2020-02-24,72.04802703857422,73.49778279969091,69.88547911921196,71.8257352845529,222195200"
"2020-02-25,69.60759735107422,73.09909512359589,69.13643119372864,72.71732938397975,230673600"
"2020-02-26,70.71182250976562,71.97552869907848,69.22582460812832,69.23307309062069,198054800"
"2020-02-27,66.08950805664062,69.10500169424336,65.95419815371966,67.92103635676665,320605600"
"2020-02-28,66.05084991455078,67.27106508637516,61.94562839291094,62.160678974985316,426510000"
"2020-03-02,72.20025634765625,72.8357338359803,67.1043654657983,68.20617931193843,341397200"
"2020-03-03,69.9072036743164,73.45426993984877,69.05667582944147,73.3745366413102,319475600"
"2020-03-04,73.14983367919922,73.30930768219956,70.82781196815235,71.62759322830975,219178400"
"2020-03-05,70.77706909179688,72.37904277817594,70.41221158595323,71.40529059680607,187572800"
"2020-03-06,69.83712005615234,70.26963239805877,67.95244135070753,68.1384906030925,226176800"
"2020-03-09,64.31358337402344,67.19376061426469,63.54762585590985,63.72884532127841,286744800"
"2020-03-10,68.94554138183594,69.21133137729244,65.08677501833562,66.96421319736713,285290000"
"2020-03-11,66.551025390625,67.9500415324096,65.68841908631278,67.02461750309321,255598800"
"2020-03-12,59.978797912597656,65.23899494473845,59.92322498627828,61.841735279374994,418474000"
"2020-03-13,67.16475677490234,67.6359302649127,61.119275269390535,64.00429300943405,370732000"
"2020-03-16,58.52421188354492,62.60043602101579,57.9902170129729,58.46138678881957,322423600"
"2020-03-17,61.0975341796875,62.24525368604919,57.60362153116066,59.804833950382424,324056000"
"2020-03-18,59.601863861083984,60.406478598445545,57.29433564123959,57.93464652653443,300233600"
"2020-03-19,59.14518356323242,61.092687597465435,58.62085583762495,59.775827267657704,271857200"
"2020-03-20,55.39033126831055,60.84866031438535,55.09071377836536,59.72509749228031,401693200"
"2020-03-23,54.213600158691406,55.21151627155354,51.372080998658355,55.11003383943649,336752800"
"2020-03-24,59.652610778808594,59.848327192203485,56.61295613694801,57.110704962845915,287531200"
"2020-03-25,59.32398986816406,62.39988643227555,59.02920598580545,60.587692247407915,303602000"
"2020-03-26,62.44579315185547,62.50378100355287,59.52695207272685,59.56561309847068,252087200"
"2020-03-27,59.86041259765625,61.824829012114336,59.69369010665709,61.07095724785997,204216800"
"2020-03-30,61.568695068359375,61.740251079824446,60.26149806281595,60.585279571290975,167976400"
"2020-03-31,61.44305419921875,63.424386025978244,60.88973245903772,61.75958725464871,197002000"
"2020-04-01,58.21010208129883,60.09719995282628,57.78000823267317,59.56079010801558,176218400"
"2020-04-02,59.181434631347656,59.23459262853542,57.241178794751,58.07237254686632,165934000"
"2020-04-03,58.33091354370117,59.3674871060243,57.741345715951596,58.66677342106095,129880000"
"2020-04-06,63.4195556640625,63.574192418824516,60.25667324880632,60.62394199347429,201820400"
"2020-04-07,62.68501281738281,65.64976767726971,62.58111543792132,65.43229844270063,202887200"
"2020-04-08,64.2894058227539,64.6035165473233,63.1199373363336,63.48478743589154,168895200"
"2020-04-09,64.75332641601562,65.25591244712727,63.95838246710248,64.9248861243381,161834800"
"2020-04-13,66.0242919921875,66.13302662112467,64.23142416734326,64.83065918840516,131022800"
"2020-04-14,69.35870361328125,69.64865760923763,67.18407076511772,67.65524416508772,194994800"
"2020-04-15,68.72564697265625,69.18473466784468,67.80747158227939,68.23514673339383,131154400"
"2020-04-16,69.271728515625,69.63658597716727,68.22307301485074,69.43845097329417,157125200"
"2020-04-17,68.33180236816406,69.33455576393993,66.89654391550201,68.78847886393716,215250000"
"2020-04-20,66.91348266601562,68.06120610179272,66.89415583158684,67.15994589148215,130015200"
"2020-04-21,64.84513854980469,66.99077762058634,64.1347578473476,66.75640021366904,180991600"
"2020-04-22,66.71290588378906,67.14782951135057,65.77056644151477,66.11125243793057,116862400"
"2020-04-23,66.45438385009766,68.07811050746528,66.41572281375096,66.65734876053877,124814400"
"2020-04-24,68.3729019165039,68.38256902010487,66.9303945618597,66.97872270602501,126161200"
"2020-04-27,68.42121124267578,68.75223755503086,67.64317552817161,68.09017755648323,117087600"
"2020-04-28,67.31214904785156,69.06393705890572,67.22033738750322,68.88271760948632,112004800"
"2020-04-29,69.52302551269531,69.99178036647727,68.59518290617446,68.79814778505363,137280800"
"2020-04-30,70.98967742919922,71.16606696831562,69.67282086621682,70.06183497622997,183064000"
"2020-05-01,69.84678649902344,72.24612942907099,69.06875096406462,69.1653998296708,240616800"
"2020-05-04,70.83504486083984,70.96310628408554,69.18232470328076,69.8709599457229,133568000"
"2020-05-05,71.89820098876953,72.72939466051092,71.1491592367676,71.2941362490643,147751200"
"2020-05-06,72.63998413085938,73.27062409174145,72.21472025377234,72.59890448979868,142333600"
"2020-05-07,73.39146423339844,73.7369949485584,72.9637889533335,73.2658213930559,115215200"
"2020-05-08,75.1382827758789,75.19158466112692,73.72336874196486,74.05044815626871,133838400"
"2020-05-11,76.32063293457031,76.81487886134366,74.43811241092033,74.64647707690482,145946400"
"2020-05-12,75.44841766357422,77.45449582037008,75.32727766040104,77.00385116379037,162301200"
"2020-05-13,74.53744506835938,76.54837362731435,73.46172121123148,75.62770513487014,200622400"
"2020-05-14,74.99535369873047,75.05592369907653,73.05468852162736,73.77668558751988,158929200"
"2020-05-15,74.5519790649414,74.59801285788724,72.73487900802405,72.76880175811006,166348400"
"2020-05-18,76.30848693847656,76.68160011197014,75.18431187481639,75.87481117448924,135178400"
"2020-05-19,75.8675537109375,77.17101374486556,75.83605613168199,76.32545901161194,101729600"
"2020-05-20,77.34305572509766,77.41331160943199,76.68647152801736,76.72523721961544,111504800"
"2020-05-21,76.76641845703125,77.74523171426733,76.52898139842385,77.20494465969075,102688800"
"2020-05-22,77.26066589355469,77.34304019898961,76.4029926993938,76.5047461498377,81803200"
"2020-05-26,76.73734283447266,78.55686050645615,76.68161577577496,78.37757568234818,125522000"
"2020-05-27,77.07168579101562,77.21705526702166,75.85544287582236,76.59440129810365,112945200"
"2020-05-28,77.1056137084961,78.36304756047794,76.47084126097369,76.74703662948228,133560800"
"2020-05-29,77.0304946899414,77.80821132778638,76.67434283627068,77.34788086093664,153532400"
"2020-06-01,77.97779846191406,78.098938429264,76.85361601588416,76.9844492508852,80791200"
"2020-06-02,78.33879852294922,78.36302799682535,77.27034305104888,77.71129433668344,87642800"
"2020-06-03,78.77006530761719,79.03173182452788,78.08683399477036,78.65861858793946,104491200"
"2020-06-04,78.09170532226562,78.89122650754646,77.71859198536116,78.59322678635277,87560400"
"2020-06-05,80.31582641601562,80.37639642085425,78.31217331772173,78.34124573703636,137250400"
"2020-06-08,80.79069519042969,80.82461794300563,79.30309967941871,80.01297837924804,95654400"
"2020-06-09,83.34188079833984,83.73437314923221,80.439371619184,80.47086919688729,147712400"
"2020-06-10,85.486083984375,85.95368266276594,83.85069379935202,84.2892200574616,166651600"
"2020-06-11,81.3818588256836,85.05482488773967,81.28010535582771,84.63083484447448,201662400"
"2020-06-12,82.0844497680664,84.26496946856898,80.97481077374836,83.5187504243347,200146000"
"2020-06-15,83.09962463378906,83.7513585021509,80.57748864910177,80.73981952151668,138808800"
"2020-06-16,85.30192565917969,85.57328542706455,83.51874869015089,85.1517132659384,165428800"
"2020-06-17,85.1832275390625,86.10631378252053,85.06208753447432,86.04574378022643,114406400"
"2020-06-18,85.21715545654297,85.63387739334637,84.60903023062069,85.1396240743936,96820400"
"2020-06-19,84.73015594482422,86.38735014117718,83.62293464807695,85.92217671437545,264476000"
"2020-06-22,86.94701385498047,87.08995815364833,85.07661214341427,85.12264593038505,135445200"
"2020-06-23,88.80289459228516,90.22023417459731,87.77077935086206,88.18992644325299,212155600"
"2020-06-24,87.23532104492188,89.35042773903359,86.86220783951416,88.43218462838242,192623200"
"2020-06-25,88.39344024658203,88.43220593644023,86.63206719010891,87.39040482402382,137522400"
"2020-06-26,85.67745971679688,88.50971291769464,85.52966510284091,88.2892372764143,205256800"
"2020-06-29,87.65204620361328,87.74653893980732,85.10810654900735,85.58539837995676,130646000"
"2020-06-30,88.38374328613281,88.66963931267749,87.22080221413067,87.24018136135113,140223200"
"2020-07-01,88.21656799316406,89.00397799978875,88.16811642903573,88.46127316123845,110737200"
"2020-07-02,88.21656799316406,89.75747265090347,88.10270349025298,89.12270022857078,114041600"
"2020-07-06,90.57637023925781,91.04396881704737,89.61209327585406,89.64359085564888,118655600"
"2020-07-07,90.29531860351562,91.73203698734285,90.18387189252502,90.95432038842118,112424400"
"2020-07-08,92.39832305908203,92.42982064230873,91.18449788463136,91.27172253001288,117092000"
"2020-07-09,92.79564666748047,93.34319433054527,91.74899550161554,93.28989244541889,125642800"
"2020-07-10,92.95799255371094,93.01614478395153,91.78051525297649,92.39105821700926,90257200"
"2020-07-13,92.52915954589844,96.86839541410872,92.31595195399946,94.26146013937891,191649200"
"2020-07-14,94.06034851074219,94.25174434945905,90.97854722279762,91.91131912379288,170989200"
"2020-07-15,94.70724487304688,96.18272909779543,93.51038115292206,95.93318100843004,153198000"
"2020-07-16,93.54187774658203,94.39712579079603,92.94344589283693,93.58064343111674,110577600"
"2020-07-17,93.3529052734375,94.14758336972574,92.8804563206502,93.99252801605422,92186800"
"2020-07-20,95.32022094726562,95.45832232514117,93.09609226760277,93.44013312925429,90318000"
"2020-07-21,94.004638671875,96.18515864106797,93.75509057115264,96.110052433633,103433200"
"2020-07-22,94.26871490478516,94.94952104533722,93.61940634409747,93.7066235863698,89001600"
"2020-07-23,89.97794342041016,94.0797418561393,89.16872914510222,94.00221048521436,197004400"
"2020-07-24,89.75503540039062,90.0990762102355,86.3921882418588,88.17779782726093,185438800"
"2020-07-27,91.88225555419922,91.97432312790853,90.59333170366311,90.81622514062431,121214000"
"2020-07-28,90.37287139892578,91.63030527715343,90.36802106656002,91.45343820318753,103625600"
"2020-07-29,92.10515594482422,92.28929109136294,90.81864987240843,90.85499038980474,90329200"
"2020-07-30,93.21966552734375,93.32384416441144,90.8719714748946,91.27900014562395,158130000"
"2020-07-31,102.97867584228516,103.12888823385559,97.71150450591125,99.70789639582766,374336800"
"2020-08-03,105.573486328125,108.19010678390218,104.56075792971248,104.85875753086323,308151200"
"2020-08-04,106.27852630615234,107.36878610733102,105.04047188715032,105.76246881725352,173071600"
"2020-08-05,106.66376495361328,106.98357631299436,105.53473931977294,105.99992015103618,121776800"
"2020-08-06,110.38518524169922,110.87943850296628,106.40695185464003,106.99569046941184,202428800"
"2020-08-07,107.87550354003906,110.363351174005,107.07939259345517,109.90704232526846,198045600"
"2020-08-10,109.44344329833984,110.46042737696229,106.79540187658976,109.31965534861051,212403600"
"2020-08-11,106.18860626220703,109.20557448641424,105.92889749318043,108.70800797992307,187902400"
"2020-08-12,109.71772003173828,109.97499928394977,107.08424089381839,107.27841139872632,165598000"
"2020-08-13,111.6594467163086,112.66186835700262,110.60847874929773,111.09634192240293,210082000"
"2020-08-14,111.55994415283203,111.64974819993897,109.75170070282874,111.48470252378944,165565200"
"2020-08-17,111.26869201660156,112.7055791342614,110.64248575631566,112.68130596603584,119561600"
"2020-08-18,112.19583129882812,112.6205856628583,110.68613263439002,111.02108297516577,105633600"
"2020-08-19,112.33660888671875,113.74922238512377,112.24195319013168,112.60359883769148,145538000"
"2020-08-20,114.82933044433594,114.94340764743272,112.3608970952543,112.37788905057565,126907200"
"2020-08-21,120.74678039550781,121.22978455348972,115.7759366742478,115.78806955381434,338054800"
"2020-08-24,122.19093322753906,125.03315266970756,120.32686973134855,124.94819288976294,345937600"
"2020-08-25,121.1884994506836,121.53316057768988,119.46763816827539,121.06471891526844,211495600"
"2020-08-26,122.8365478515625,123.29285663343889,121.43849667426107,122.50402701142234,163022400"
"2020-08-27,121.36812591552734,123.77102105443406,120.22492431150832,123.43850018201364,155552400"
"2020-08-28,121.17152404785156,122.75888676117691,120.94822130817289,122.3414135230096,187630000"
"2020-08-31,125.2807388305664,127.18364569667007,122.32930807465976,123.86328054092655,225702700"
"2020-09-01,130.27093505859375,130.87288270975856,126.72727621370097,128.8923056104839,151948100"
"2020-09-02,127.57194519042969,133.96025319602614,123.30013540143739,133.58161557752118,200119000"
"2020-09-03,117.35843658447266,125.08653940539764,116.98950967695433,123.2127726268104,257599600"
"2020-09-04,117.43610382080078,120.0962780604988,107.65947073062564,116.57203254505438,332607200"
"2020-09-08,109.53325653076172,115.52350643380636,109.39733569135389,110.63033399373361,231366600"
"2020-09-09,113.90215301513672,115.66913123084257,111.90216871799983,113.8439033465614,176940500"
"2020-09-10,110.1837158203125,116.98949692716701,109.22255937183643,116.85357611251904,182274400"
"2020-09-11,108.73712921142578,111.8730336076421,106.79539476122176,111.2322576836528,180860300"
"2020-09-14,111.9992446899414,112.55263871695288,109.51382694155708,111.37789025284532,140150100"
"2020-09-15,112.17401123046875,115.36816560750079,110.30023700342959,114.88273194668369,184642000"
"2020-09-16,108.86336517333984,112.62062489457956,108.77599065772375,111.87306021260656,154679000"
"2020-09-17,107.12545776367188,108.93127091790159,105.54294727136397,106.52352498368008,178011000"
"2020-09-18,103.72745513916016,107.64975978247199,102.99930468969426,107.18374764280628,287104900"
"2020-09-21,106.87308502197266,106.97988102839547,100.09642732020315,101.49447874455225,195713800"
"2020-09-22,108.55268096923828,109.57209469594426,105.97988830045438,109.39733826871267,183055400"
"2020-09-23,103.99930572509766,108.84393137946276,103.65949625131259,108.36820848614498,150718700"
"2020-09-24,105.06727600097656,107.03813572764626,101.9410816453774,102.1061273331871,167743300"
"2020-09-25,109.00897979736328,109.16432212155291,104.53328092968297,105.27114215532431,149981400"
"2020-09-28,111.61093139648438,111.96044430310084,109.49443986514308,111.6594777362878,137672400"
"2020-09-29,110.76625061035156,111.9507099432901,110.26140285567331,111.21285610238571,99382200"
"2020-09-30,112.4361343383789,113.84389630124348,110.30994008853341,110.47498574403602,142675200"
"2020-10-01,113.38758850097656,114.29049535158379,112.45555681762868,114.21282419285578,116120400"
"2020-10-02,109.7274169921875,112.00896103141628,108.95072761058432,109.60120691204848,144712000"
"2020-10-05,113.10604858398438,113.25168017088336,110.24199280586862,110.5915056515741,106243800"
"2020-10-06,109.86333465576172,112.73710064616577,108.97984195840537,112.32933079739347,161498200"
"2020-10-07,111.7273941040039,112.1837028525209,110.80506586141273,111.28079610104412,96849000"
"2020-10-08,111.62061309814453,113.00895361392693,111.25167878876417,112.86332203954677,83477200"
"2020-10-09,113.5623550415039,113.59147987684435,111.57207401243367,111.92158685077898,100506900"
"2020-10-12,120.77589416503906,121.53316947743221,115.80505089927543,116.56232621166858,240226800"
"2020-10-13,117.57201385498047,121.73703494031142,116.16425940876682,121.62052821230519,262330500"
"2020-10-14,117.659423828125,119.44581630770881,116.13516229019277,117.47495664988062,150712000"
"2020-10-15,117.1933822631836,117.66910513115165,114.70796452850907,115.26135855246798,112559200"
"2020-10-16,115.55262756347656,118.0089281560019,115.34874631090426,117.74678982617324,115393800"
"2020-10-19,112.60121154785156,116.91185804404176,112.29053425617,116.46525990019522,120639300"
"2020-10-20,114.08661651611328,115.513792607474,112.2613812832418,112.81477533834804,124423700"
"2020-10-21,113.46527099609375,115.25166338254114,113.05750107559587,113.2710930798733,89946000"
"2020-10-22,112.37789154052734,114.60117857735534,111.25168190141596,114.02836301066806,101988000"
"2020-10-23,111.68856811523438,113.15457972080071,110.95070693925585,112.99923740706663,82572600"
"2020-10-26,111.69829559326172,113.15459667058127,109.59150773865373,110.68859262413119,111850700"
"2020-10-27,113.20311737060547,113.86330738232272,111.203133250019,112.12545415431511,92276800"
"2020-10-28,107.96044158935547,112.06721355762778,107.863356340069,111.6982866474873,143937800"
"2020-10-29,111.96040344238281,113.52350020230705,108.93129515957777,109.09634821039327,146129200"
"2020-10-30,105.6886215209961,108.72743369464578,104.58183332192213,107.82452675254544,190272600"
"2020-11-02,105.60124206542969,107.45560232371076,104.19348732192323,105.93134082759394,122866900"
"2020-11-03,107.22257995605469,108.24198610997585,105.56239787070092,106.4653046968192,107624400"
"2020-11-04,111.60118865966797,112.22254311397377,109.07693526315951,110.81478854874675,138235500"
"2020-11-05,115.56232452392578,116.13514003797306,113.46525517113334,114.513786143965,126387100"
"2020-11-06,115.43103790283203,115.92702909027747,112.94132478624495,115.07119461202119,114457900"
"2020-11-09,113.12611389160156,118.64042665215963,112.86353074963101,117.19134078148167,154515300"
"2020-11-10,112.78575134277344,114.36126539416934,110.99626934105305,112.37728528647897,138023400"
"2020-11-11,116.2090835571289,116.3452388928094,113.24283383562194,113.97224059958567,112295000"
"2020-11-12,115.936767578125,117.22052312713384,115.31434109496367,116.33551348572685,103162300"
"2020-11-13,115.98538970947266,116.38412816982795,114.63355658842221,116.16044760960408,81581900"
"2020-11-16,116.99683380126953,117.66788289766848,114.90586651270257,115.65472076865481,91183000"
"2020-11-17,116.1118392944336,117.35669240875295,115.69364575572538,116.26744964367843,74271000"
"2020-11-18,114.7891616821289,116.53001321672764,114.75998660153422,115.35323797332128,76322100"
"2020-11-19,115.38241577148438,115.7908817492475,113.60266161420516,114.36124340716778,74113000"
"2020-11-20,114.11811828613281,115.50885417388024,114.06949561951376,115.38242633677936,73604300"
"2020-11-23,110.72394561767578,114.39043445067523,110.6266928661709,113.96251344016258,127959300"
"2020-11-24,112.0076904296875,112.66901946402936,109.49852961528087,110.78229252304031,113874200"
"2020-11-25,112.84406280517578,113.5442943299849,112.00767597497685,112.37724673524147,76499200"
"2020-11-27,113.38868713378906,114.26397656378495,113.02885128250198,113.36923955530375,46691300"
"2020-11-30,115.78116607666016,117.64844554887398,113.6026659391683,113.75827627180732,169410200"
"2020-12-01,119.35037994384766,120.0797865936806,116.71479147284033,117.68733367261757,127728200"
"2020-12-02,119.70051574707031,119.98255392256038,117.57064559900594,118.66961579736986,89004200"
"2020-12-03,119.56436157226562,120.38129360308123,118.85440237603919,120.12843050881996,78967600"
"2020-12-04,118.8932876586914,119.4865390127896,118.18332856578574,119.23367595532766,78260400"
"2020-12-07,120.35211181640625,121.14959622013072,118.89329833984375,118.95164850453536,86712000"
"2020-12-08,120.9648208618164,121.54835223688058,119.7102402772839,120.95510078016575,82225500"
"2020-12-09,118.43618774414062,122.49168693103906,117.67760601650876,121.11067878997038,115089200"
"2020-12-10,119.85609436035156,120.46880067316184,116.85094263147249,117.19133090530717,81312200"
"2020-12-11,119.04889678955078,119.38928508279156,117.23996766557605,119.06834436920384,86939800"
"2020-12-14,118.43618774414062,119.96307869896347,118.20277969407886,119.23367205010081,79184500"
"2020-12-15,124.36870574951172,124.3881607505194,120.72167215100104,120.92590514212858,157243700"
"2020-12-16,124.3006362915039,124.84525763713049,123.08495834508075,123.91162528457596,98208600"
"2020-12-17,125.16618347167969,126.02202539265798,124.52430203094598,125.36068895195196,94359800"
"2020-12-18,123.18221282958984,125.55521844582084,122.65703909059238,125.41906311570027,192541500"
"2020-12-21,124.7091064453125,124.78691161724761,120.06035501087901,121.5872462655349,121251600"
"2020-12-22,128.25888061523438,130.71941139606707,126.09010064650239,127.99629004452623,168904800"
"2020-12-23,127.36418914794922,128.79381315909572,127.18912375812499,128.53123733409365,88223700"
"2020-12-24,128.34640502929688,129.79549835924004,127.50029800003861,127.71425848740788,54930100"
"2020-12-28,132.9368133544922,133.56895993255333,129.84412103088945,130.3109520335808,124486200"
"2020-12-29,131.1668243408203,134.97918980280187,130.65137791610235,134.2595177289514,121047300"
"2020-12-30,130.04832458496094,132.25599920161764,129.7371040047212,131.85725339811574,96452100"
"2020-12-31,129.046630859375,131.04034539862676,128.10326370918978,130.39846396533886,99116600"
"2021-01-04,125.85668182373047,129.94135584132596,123.27944367028935,129.85383061033397,143301900"
"2021-01-05,127.41279602050781,128.12276277719602,124.90363442356144,125.35101053270986,97664900"
"2021-01-06,123.12384033203125,127.4516575492309,122.9098798620693,124.21309026097016,155088000"
"2021-01-07,127.32525634765625,128.01576801979238,124.34927881160118,124.83555003879502,109578200"
"2021-01-08,128.42420959472656,128.98828589154797,126.65417554196101,128.79376556588605,105158200"
"2021-01-11,125.43848419189453,126.59581174174171,124.9716681081952,125.64272457590934,100384500"
"2021-01-12,125.26344299316406,126.12900498980764,123.3767086805256,124.97167735433455,91951100"
"2021-01-13,127.29605865478516,127.84067995815208,124.96196311469332,125.22453884607683,88636800"
"2021-01-14,125.37042999267578,127.40303981441828,125.22453974548624,127.20853432464988,90221800"
"2021-01-15,123.6490249633789,126.64445696844105,123.51286963768597,125.2439937099894,111598500"
"2021-01-19,124.32007598876953,125.17591790643084,123.4545139910682,124.27144590893572,90757300"
"2021-01-20,128.40480041503906,128.85217654796193,125.02035626619983,125.12733654756252,104319500"
"2021-01-21,133.11184692382812,135.83496806730975,129.92190967683482,130.1261500695179,120150900"
"2021-01-22,135.2515106201172,136.0100926840111,131.3127100023154,132.53810837326188,114459400"
"2021-01-25,138.99578857421875,141.10620426524486,132.7909619498466,139.14167887017254,157611700"
"2021-01-26,139.2292022705078,140.3379002416551,137.48834270504506,139.65712338916506,98390600"
"2021-01-27,138.15936279296875,140.33786298237393,136.5546738638665,139.49174105337266,140843800"
"2021-01-28,133.32579040527344,138.0912555090123,132.94649958704122,135.68907538027003,142621100"
"2021-01-29,128.3367156982422,132.98546769252428,126.63476631172155,132.1004504499765,177523800"
"2021-02-01,130.45681762695312,131.66277536673383,127.3349504556567,130.07752674070377,106239800"
"2021-02-02,131.28347778320312,132.56722577893618,130.9139069960329,132.00314951845078,83305400"
"2021-02-03,130.26234436035156,132.04209890979024,129.9414035557163,132.03236398733958,89880900"
"2021-02-04,133.61758422851562,133.6273043090521,130.8944628567243,132.55751669715318,84183100"
"2021-02-05,133.20362854003906,133.8464691818489,132.32703847356598,133.77829722031976,75693800"
"2021-02-08,133.3497314453125,133.39843419416206,131.411474992241,132.49261062393538,71297200"
"2021-02-09,132.47312927246094,134.29451105529114,132.31730127973145,133.06726715184539,76774200"
"2021-02-10,131.86929321289062,133.427692466588,130.90503200269075,132.93094508769863,73046600"
"2021-02-11,131.6160125732422,132.84324151471785,130.29137814000228,132.36597838425936,64280000"
"2021-02-12,131.84974670410156,132.00558952807881,130.2134416383095,130.85628214072338,60145100"
"2021-02-16,129.7264862060547,132.4731462786685,129.33687901923372,131.96667922879305,80576300"
"2021-02-17,127.43757629394531,128.78169493091983,126.10320712430666,127.83691804290048,97918500"
"2021-02-18,126.33695983886719,126.61941198787154,124.09676726976038,125.84021263400942,96856700"
"2021-02-19,126.4927749633789,127.31094237587132,125.45060763733204,126.85316335933045,87668800"
"2021-02-22,122.72344970703125,126.34671464924598,122.33384996779367,124.68117557823038,103916400"
"2021-02-23,122.58709716796875,123.41499201171895,115.31134823227501,120.54170772135137,158273000"
"2021-02-24,122.0903549194336,122.29489311702532,119.05149320550255,121.69102056156322,111039900"
"2021-02-25,117.84373474121094,123.17149227710611,117.40543965947438,121.43778116304092,148199500"
"2021-02-26,118.10670471191406,121.6033452358005,118.04825992472897,119.40211317040608,164560400"
"2021-03-01,124.46690368652344,124.60326248159897,119.59692548811965,120.53196041049354,116307900"
"2021-03-02,121.8663330078125,125.3727157063762,121.75919289657611,125.07077944616279,102260900"
"2021-03-03,118.88590240478516,122.44098788620711,118.67162218049718,121.56439034639122,112966300"
"2021-03-04,117.00607299804688,120.38583846392305,115.53534519039708,118.58394833274576,178155000"
"2021-03-05,118.26252746582031,118.76900926850234,114.51264641529035,117.83397451469976,153766600"
"2021-03-08,113.3341064453125,117.85344455096923,113.18800564768664,117.78526516954318,154376600"
"2021-03-09,117.94110870361328,118.88588550494669,115.70092356585985,115.93468039958287,129525800"
"2021-03-10,116.86001586914062,118.99306155445927,116.34379186849473,118.52554774575847,111943300"
"2021-03-11,118.78849029541016,120.00598467048323,118.10669641776761,119.35340946888309,103026500"
"2021-03-12,117.88268280029297,118.01904158578925,116.06131583787986,117.2690682655597,88105100"
"2021-03-15,120.76570892333984,120.77545095974142,117.28854502762586,118.25280599447676,92403800"
"2021-03-16,122.30463409423828,123.9117284110974,121.47673927373422,122.4312508542222,115227900"
"2021-03-17,121.51568603515625,122.58707964634337,119.15861117334904,120.82415009129004,111932600"
"2021-03-18,117.39568328857422,119.97677300065472,117.19114511333716,119.68457136117527,121229700"
"2021-03-19,116.86973571777344,118.27229182875169,116.5677994448256,116.78207967633583,185549500"
"2021-03-22,120.18132019042969,120.64884136246526,117.13271654370864,117.20089594056832,111912300"
"2021-03-23,119.35343170166016,121.00922138779639,118.96383194286418,120.12288918175794,95467100"
"2021-03-24,116.96710968017578,119.7040419397164,116.94763304087101,119.62612052050626,88530500"
"2021-03-25,117.45410919189453,118.49629146995656,115.90545997424265,116.43141841542507,98844700"
"2021-03-26,118.05799865722656,118.32098161470867,115.82754797615723,117.22036189731419,94071200"
"2021-03-29,118.23332214355469,119.39237925463331,117.59048892877756,118.4865630734955,80819200"
"2021-03-30,116.78205871582031,117.26905645239088,115.76910253203405,116.98659687346046,85671900"
"2021-03-31,118.97357177734375,120.3079410804402,117.9995761138878,118.48657394561577,118323800"
"2021-04-01,119.80143737792969,120.95075227765696,119.3046976300742,120.44427792585978,75089100"
"2021-04-05,122.62602233886719,122.8792632235307,119.86961357359316,120.64881286594463,88651200"
"2021-04-06,122.927978515625,123.82405264578033,122.38254338092113,123.21043811923847,80171300"
"2021-04-07,124.57403564453125,124.59351228641088,121.88580577435263,122.55786509964642,83466700"
"2021-04-08,126.97006225585938,126.99928093380576,125.17791398584798,125.59672494440802,88844600"
"2021-04-09,129.5414276123047,129.58038090088027,126.10322399320837,126.4246443564377,106686700"
"2021-04-12,127.82718658447266,129.39532007888374,127.23304868008105,129.07389975073812,91420000"
"2021-04-13,130.93421936035156,131.15824904554103,128.49923039780398,128.99597765783932,91266500"
"2021-04-14,128.59666442871094,131.4894331469025,128.23629073814718,131.43099577675665,87222800"
"2021-04-15,131.0023956298828,131.48939338315375,130.1647588997771,130.34008581919048,89347100"
"2021-04-16,130.67124938964844,131.16798178060714,129.81412853121648,130.8076081751269,84922400"
"2021-04-19,131.3335723876953,131.9471944147541,129.8725788847892,130.03815636501255,94264200"
"2021-04-20,129.64857482910156,132.00564275979164,128.38237738217003,131.50891027779352,94812300"
"2021-04-21,130.02841186523438,130.27191076385841,127.88562452974153,128.9180574819885,68847100"
"2021-04-22,128.5089569091797,130.66147844484067,127.99274053029319,129.58034294411806,84566500"
"2021-04-23,130.82708740234375,131.60627194079382,128.72325347974677,128.72325347974677,78657500"
"2021-04-26,131.21669006347656,131.5478450047434,130.08685158645528,131.32383017529745,66905100"
"2021-04-27,130.895263671875,131.88874331170373,130.62254610203854,131.49913616765673,66015800"
"2021-04-28,130.1063232421875,131.5088791677975,129.61932548257246,130.81733580986761,107760100"
"2021-04-29,130.00889587402344,133.50555049492985,129.00568184694694,132.9211473369093,151101000"
"2021-04-30,128.04144287109375,130.08682431063778,127.66158525646483,128.3531136734093,109839500"
"2021-05-03,129.09335327148438,130.58358001612103,128.40182480933737,128.6063555356659,75135100"
"2021-05-04,124.52532958984375,128.07068022860358,123.40523322106765,127.77847859118502,137564700"
"2021-05-05,124.76885986328125,127.05774092819507,124.64223566162377,125.84024625685937,84000900"
"2021-05-06,126.36620330810547,126.37593791446682,123.82406658932013,124.56430537762937,78128300"
"2021-05-07,127.03941345214844,128.0638342068742,126.32717811895671,127.6638289569363,78973300"
"2021-05-10,123.7612075805664,126.38570115821472,123.7221806852606,126.25887677480436,88071200"
"2021-05-11,122.84410858154297,123.19533577203656,119.7805603965293,120.492788250042,126142800"
"2021-05-12,119.7805404663086,121.60500854306753,119.27320577012671,120.39520469554279,112172300"
"2021-05-13,121.92697143554688,123.07823863645709,121.23426088704589,121.54646856304096,105861300"
"2021-05-14,124.34659576416016,124.7758841676664,122.7855571745272,123.17581868284023,81918000"
"2021-05-17,123.19532012939453,123.83925269137897,122.12210663637244,123.7319305977149,74244600"
"2021-05-18,121.80989074707031,123.89778097564653,121.7415955505699,123.47825121325309,63342900"
"2021-05-19,121.6537857055664,121.87818100914643,119.86834464183288,120.16104258276613,92612000"
"2021-05-20,124.20999145507812,124.61001150333645,122.05380598133526,122.1806452374261,76857100"
"2021-05-21,122.37577819824219,124.8831983677244,122.16113401006866,124.70758107227505,79295400"
"2021-05-24,124.00511169433594,124.82466155300955,122.87336158160026,122.94165678285485,63092900"
"2021-05-25,123.80998229980469,125.19541091008112,123.24410353248182,124.7075784829674,72009500"
"2021-05-26,123.7612075805664,124.28805950176616,123.34167776055286,123.8685296817526,56575900"
"2021-05-27,122.22943878173828,124.53197352741631,122.03431174645816,123.36119642849698,94625600"
"2021-05-28,121.57572937011719,122.73675508280117,121.51719276060966,122.51235234032615,71311100"
"2021-06-01,121.25376892089844,122.29771402080185,120.92205152635813,122.03429182182089,67637100"
"2021-06-02,122.01478576660156,122.19040306312083,121.02938463288338,121.253779962891,59278900"
"2021-06-03,120.53179168701172,121.80989069682863,120.13177164794705,121.64403199734149,76229200"
"2021-06-04,122.8245620727539,123.08799170722506,120.83423543606743,121.04887959937938,75169300"
"2021-06-07,122.8343276977539,123.24409888195902,121.79038257021139,123.09774990370911,71057600"
"2021-06-08,123.65387725830078,125.33200387040455,123.13678395621102,123.51728685562117,74403800"
"2021-06-09,124.03438568115234,124.63929137968418,123.43923856713752,124.11243947005046,56877900"
"2021-06-10,123.0392074584961,125.0685610035486,122.87334876469549,123.92704498219538,71186400"
"2021-06-11,124.24901580810547,124.3368281715762,123.02945340825438,123.44898317154788,53522400"
"2021-06-14,127.30281066894531,127.36134728829198,123.9758479654745,124.70758548178374,96906500"
"2021-06-15,126.48323822021484,127.41986856929493,126.2393257726375,126.77593613475452,62746300"
"2021-06-16,126.98085021972656,127.70283662845416,125.33201411236685,127.19549442536886,91815000"
"2021-06-17,128.58090209960938,129.32240559947226,126.49301177385304,126.63936820067508,96721700"
"2021-06-18,127.28331756591797,128.30773825283313,127.06867335467656,127.52723008894328,108953300"
"2021-06-21,129.07850646972656,129.18582857227696,126.06375134431808,127.12720634134745,79663300"
"2021-06-22,130.71754455566406,130.81511548198895,128.4150106343884,128.91260151651892,74783600"
"2021-06-23,130.4443817138672,131.04929474301073,129.98582509428016,130.51268434910727,60214200"
"2021-06-24,130.16148376464844,131.36152922245495,129.69316099657445,131.1761533209972,68711000"
"2021-06-25,129.8687744140625,130.6297802366699,129.5760764313894,130.21025787505408,70783700"
"2021-06-28,131.4981231689453,131.95667992046137,130.10295063063353,130.16148725640332,62111300"
"2021-06-29,133.01036071777344,133.16646828417475,131.07857796707717,131.51761747124857,64556100"
"2021-06-30,133.62503051757812,134.0640700400228,132.56156070353867,132.8542586809143,63261400"
"2021-07-01,133.927490234375,133.98602685703514,132.45424909031448,133.27380646927242,52485800"
"2021-07-02,136.55197143554688,136.5909908825578,134.39577852908815,134.54212006442484,78852600"
"2021-07-06,138.56178283691406,139.66425694043204,136.65926878574828,136.65926878574828,108181800"
"2021-07-07,141.04971313476562,141.36191336128311,139.1862182535438,140.04478004189397,104911600"
"2021-07-08,139.75209045410156,140.5521155930635,137.2446631833098,138.13250812343543,105575500"
"2021-07-09,141.5765838623047,142.10342835570765,139.17647811244083,139.27404907544525,99890800"
"2021-07-12,140.98143005371094,142.75712026323748,140.49360503622404,142.64979816390084,76299700"
"2021-07-13,142.09368896484375,143.86937940514224,140.13263749909038,140.5228916089028,100827100"
"2021-07-14,145.51820373535156,145.92798987044893,144.08399692422722,144.49378305932458,127050800"
"2021-07-15,144.864501953125,146.34749406137325,143.50834910364574,145.6060054508676,106820300"
"2021-07-16,142.8253936767578,146.1133292004128,142.32781756831105,144.8449961921481,93251400"
"2021-07-19,138.98133850097656,140.56190161268026,138.2203326975493,140.24968646910114,121434600"
"2021-07-20,142.5912322998047,143.5181116494979,139.47892150687957,139.9667464752501,96350000"
"2021-07-21,141.85951232910156,142.57174758950413,141.10827250404336,141.98635160042446,74993500"
"2021-07-22,143.2254180908203,144.59132208932277,142.25951926436974,142.38635852395822,77338200"
"2021-07-23,144.9425506591797,145.09865822031367,143.34248537564744,143.95714959308972,71447400"
"2021-07-26,145.36207580566406,146.1816181027515,144.10347916841854,144.65960672609336,72434100"
"2021-07-27,143.19615173339844,145.5767400665626,142.00585756681636,145.48892025406204,104818600"
"2021-07-28,141.44973754882812,143.391286472983,139.06914908747908,141.28387882976534,118931200"
"2021-07-29,142.09368896484375,142.981534184993,141.05950217532487,141.16682428860926,56699500"
"2021-07-30,142.3083038330078,142.76686050541852,140.60091640214495,140.86434605990442,70440600"
"2021-08-02,141.9766082763672,143.3717807887823,141.7131785780533,142.7961507964113,62880000"
"2021-08-03,143.7717742919922,144.43520909857267,141.64484970305608,142.2595139229218,64786600"
"2021-08-04,143.37173461914062,144.19127687526958,142.7180510419496,143.68394969989515,56368300"
"2021-08-05,143.47909545898438,144.2401013148973,142.61076750096896,143.40104166770632,46397700"
"2021-08-06,142.79507446289062,143.74287381363573,142.29675296375655,143.00027443873307,54126800"
"2021-08-09,142.74623107910156,143.3422697557146,142.18928521610837,142.8537139522462,48908700"
"2021-08-10,142.2675018310547,144.3292085832048,141.97436527249621,143.08827226738262,69023100"
"2021-08-11,142.521484375,143.36180086367284,142.19903578997616,142.70713794603233,48493500"
"2021-08-12,145.48214721679688,145.63848865290169,142.5019538202862,142.84394884807298,72282600"
"2021-08-13,145.68734741210938,146.01956178212575,144.87634298445295,145.56031813141018,59375000"
"2021-08-16,147.66111755371094,147.72952253031957,143.1175540441941,145.1401675406519,103296000"
"2021-08-17,146.75245666503906,148.20834403268694,145.67762747925198,146.79153458563758,92229700"
"2021-08-18,143.0100860595703,147.27029417589944,142.80488601790597,146.37135309386304,86326000"
"2021-08-19,143.3423309326172,144.61257954567083,141.19268746182053,141.71055564175415,86960300"
"2021-08-20,144.79815673828125,145.10105892019794,143.42042593388106,144.06532310737114,60549600"
"2021-08-23,146.28343200683594,146.75244155345382,144.5050811570284,144.91546637401214,60131800"
"2021-08-24,146.1954345703125,147.40705833624506,145.73619092005404,146.02932738546966,48606400"
"2021-08-25,144.9642791748047,146.87942449217206,144.4170990582826,146.38108802855803,58991300"
"2021-08-26,144.1630859375,145.7069245583274,144.13377377269998,144.95455911573424,48597200"
"2021-08-27,145.1987762451172,145.34533700769614,143.4692846989935,144.10440121622017,55802400"
"2021-08-30,149.61532592773438,149.976867364279,145.2085579053338,145.58963083933705,90956700"
"2021-08-31,148.35488891601562,149.30268857096087,147.82724018566304,149.1658935130071,86453100"
"2021-09-01,149.01931762695312,151.43278500420377,148.85321040744938,149.33200056452,80313700"
"2021-09-02,150.13320922851562,151.17872592141705,148.91181958328025,150.34817499884036,71115500"
"2021-09-03,150.76834106445312,151.09078972052774,149.5860293255129,150.24069238740682,57808700"
"2021-09-07,153.10365295410156,153.660598936694,150.85629279363835,151.42301943650597,82278300"
"2021-09-08,151.5597686767578,153.4455867564318,150.45562788655243,153.3869624506755,74420200"
"2021-09-09,150.54360961914062,152.53691096459315,150.4263460744376,151.93110647020356,57305700"
"2021-09-10,145.56031799316406,151.92130921813492,145.296493683324,151.45229981917254,140893200"
"2021-09-13,146.1270751953125,147.9542695218118,145.34538275990522,147.18235774668085,102404300"
"2021-09-14,144.72976684570312,147.61225802171091,143.54747014740659,146.9087364700221,109296300"
"2021-09-15,145.6189727783203,146.01959220126037,143.01985176888803,145.15972903193406,83281300"
"2021-09-16,145.3844757080078,145.5603636061977,143.85041774982722,145.0424954824605,68034100"
"2021-09-17,142.71693420410156,145.41377207009813,142.42379770872697,145.41377207009813,129868800"
"2021-09-20,139.66835021972656,141.52485650500037,138.0365754530921,140.50866688674913,123478900"
"2021-09-21,140.1471405029297,141.29037444715544,139.51202378684255,140.6356964105484,75834000"
"2021-09-22,142.51174926757812,143.0784609405733,140.4109501394529,141.14378392401113,76404300"
"2021-09-23,143.46934509277344,143.71362307292674,142.30657952171666,143.29345719409983,64838200"
"2021-09-24,143.55723571777344,144.09465008430436,142.22836333396052,142.326080458617,53477900"
"2021-09-27,142.042724609375,142.61923184992318,140.52821338546616,142.14044174425882,74150700"
"2021-09-28,138.6619110107422,141.4369043819852,138.44694526555043,139.97123697906306,108972300"
"2021-09-29,139.5608673095703,141.14378350850296,138.77917495976774,139.2091064976362,74602000"
"2021-09-30,138.2613067626953,141.075393254431,138.04634099404652,140.37187163149707,89056700"
"2021-10-01,139.3849639892578,139.64878829633227,135.9259954801677,138.65213028813756,94639600"
"2021-10-04,135.95533752441406,138.9550779570537,135.10525501528176,138.5153657120816,98322000"
"2021-10-05,137.88023376464844,138.9843747661612,136.17028827499877,136.29731756814027,80861100"
"2021-10-06,138.74986267089844,138.89642346342436,135.20294239635672,136.2777712400183,83221100"
"2021-10-07,140.0103759765625,140.91909791585633,139.453429873389,139.7856443847238,61732700"
"2021-10-08,139.6292266845703,140.87992820552267,139.29701235452882,140.73336744507444,58773200"
"2021-10-11,139.54132080078125,141.49554421911762,138.56420909161307,139.01368703802868,64452200"
"2021-10-12,138.2710418701172,139.97122123368786,137.81179827609876,139.95167482917654,73035900"
"2021-10-13,137.68482971191406,138.163604960137,136.01396194464323,138.00727840066958,78762700"
"2021-10-14,140.46958923339844,140.58685278975153,138.27108764845218,138.85736070158842,69907100"
"2021-10-15,141.52488708496094,141.5835114147044,140.2253264406504,140.47938508226497,67940300"
"2021-10-18,143.1957244873047,143.47908032380766,139.88331637742027,140.16667221392322,85589200"
"2021-10-19,145.3551483154297,145.75576773810008,143.19573955238386,143.64520263819782,76378900"
"2021-10-20,145.8436737060547,146.3224637629304,144.7297670657769,145.29649358936246,58418800"
"2021-10-21,146.0586700439453,146.21501151275598,144.48551942420278,145.40400691653662,61421000"
"2021-10-22,145.2867431640625,146.74263007605518,145.23788459644618,146.26385487822307,58883400"
"2021-10-25,145.23789978027344,145.95118723150932,144.24124155296286,145.27697769272697,50720600"
"2021-10-26,145.90228271484375,147.38748132131502,145.59936565411255,145.91204846149822,60893400"
"2021-10-27,145.44308471679688,146.30293288736218,145.09132390307514,145.94140632392705,56094900"
"2021-10-28,149.07794189453125,149.66419997930225,146.29316753585874,146.3908846714247,100077900"
"2021-10-29,146.3712921142578,146.5080871151963,143.05888503267755,143.85034288878853,124953200"
"2021-11-01,145.55056762695312,146.2736207539483,144.4171144592604,145.57987978563986,74588300"
"2021-11-02,146.5863494873047,148.10087610096022,145.24769588075364,145.25747654306804,69122000"
"2021-11-03,148.02264404296875,148.49165344387518,146.39086943374969,146.9478153017873,54511500"
"2021-11-04,147.50477600097656,148.94111635864294,147.19209312751175,148.1105804313896,60394600"
"2021-11-05,148.0331573486328,148.9334100905873,146.83934035942627,148.63006584323608,65463900"
"2021-11-08,147.2112579345703,148.3170106437663,146.93726849126057,148.1604409815022,55020900"
"2021-11-09,147.5732879638672,148.17997664131613,146.83938459031998,146.97637928946335,56787900"
"2021-11-10,144.7452850341797,146.90785977516097,144.67679516407316,146.80022003816552,65187100"
"2021-11-11,144.6963653564453,146.22288178403127,144.5104408038777,145.76298280044355,41000000"
"2021-11-12,146.7708740234375,147.1720631299846,144.3147348567186,145.2443426792842,63804000"
"2021-11-15,146.78067016601562,148.62032601011296,146.22289645235986,147.14272437440852,59222800"
"2021-11-16,147.75918579101562,148.23867461686362,146.1348097014568,146.72193826652372,59256200"
"2021-11-17,150.19577026367188,151.6733569463972,147.7494257967945,147.7592057993934,88807000"
"2021-11-18,154.48175048828125,155.26458367795593,149.76520627698585,150.41104477831504,137827700"
"2021-11-19,157.10426330566406,157.56417731455713,153.17053675502055,154.26649442831288,117305600"
"2021-11-22,157.56411743164062,162.14366590996676,157.5445425002561,158.20994085435225,117467900"
"2021-11-23,157.94580078125,158.32742995233392,155.64623082003743,157.6620164381372,96041900"
"2021-11-24,158.46441650390625,158.66012108108276,156.2137765381209,157.29995411244806,69463600"
"2021-11-26,153.44451904296875,157.00639624695634,153.00417999336176,156.1452930856568,76959800"
"2021-11-29,156.8009033203125,157.73051124922804,155.38201155737082,155.9495652762871,88748200"
"2021-11-30,161.75228881835938,161.96756831221649,156.48775108343634,156.55625589116394,174048100"
"2021-12-01,161.23367309570312,166.6449857878265,160.99881865483053,163.88550209995378,152052500"
"2021-12-02,160.245361328125,160.6759203936693,154.41328379839803,155.3331118145511,136739200"
"2021-12-03,158.3665313720703,161.41957902573364,156.29203631008477,160.4997512359703,118023100"
"2021-12-06,161.7718963623047,164.27695105253582,160.75420856233345,160.7639885662799,107497000"
"2021-12-07,167.50607299804688,167.8974970290668,164.7270295686555,165.45115282756737,120405400"
"2021-12-08,171.32237243652344,172.18349034092375,167.03637277945757,168.43568937410808,116998900"
"2021-12-09,170.81356811523438,172.95656843850207,170.18730447599066,171.15606234208923,108923700"
"2021-12-10,175.59861755371094,175.77476213435622,170.94078267392138,171.4496265464153,115402700"
"2021-12-13,171.9682159423828,178.22107107247726,171.7627164613835,177.232738467209,153237000"
"2021-12-14,170.5885009765625,173.92531854630914,168.51400556372403,171.48875398461132,139380400"
"2021-12-15,175.45179748535156,175.6475020222363,168.61181417618175,171.35172248646532,131063300"
"2021-12-16,168.56289672851562,177.25231617436867,167.08531019517628,175.43223547777242,150185800"
"2021-12-17,167.4669647216797,169.74695967221308,166.0480878451819,166.28292736988075,195432700"
"2021-12-20,166.1068115234375,166.91899978685493,163.86596626176092,164.66835958996737,107499100"
"2021-12-21,169.27723693847656,169.48272148768493,165.49028600162353,167.87792030585337,91185900"
"2021-12-22,171.87039184570312,172.08567137280502,168.45528928513505,169.32618739702795,92135300"
"2021-12-23,172.4966278076172,173.0544014741378,171.50831008728667,172.07586375572322,68356600"
"2021-12-27,176.45970153808594,176.54776634572997,173.26967407814607,173.28923408120028,74919600"
"2021-12-28,175.4420166015625,177.4382418590108,174.69833332933095,176.293354548695,79144300"
"2021-12-29,175.53013610839844,176.75330850310786,174.31674371757737,175.48120622634931,62348900"
"2021-12-30,174.37542724609375,176.69457190920295,174.26778749437727,175.6181743920382,59773000"
"2021-12-31,173.7589874267578,175.38334904304386,173.45562812611084,174.2678163999058,64062300"
"2022-01-03,178.10366821289062,178.9550062933326,173.89596741451703,174.0133871781769,104487900"
"2022-01-04,175.84326171875,179.013729963492,175.27570793184105,178.71038559647081,99310400"
"2022-01-05,171.16583251953125,176.3031560396219,170.89184312629723,175.7551772531539,94537600"
"2022-01-06,168.3085174560547,171.53769548653034,167.95624321761545,168.99349099432447,96904000"
"2022-01-07,168.47482299804688,170.40254333546721,167.35929069026096,169.1793712904695,86709100"
"2022-01-10,168.49444580078125,168.79779016511287,164.56071920573362,165.45119229098708,106765600"
"2022-01-11,171.32237243652344,171.42021724210562,167.15380744997546,168.62161391540354,76138300"
"2022-01-12,171.76272583007812,173.37730710526796,171.06797240622825,172.34005950483805,74805200"
"2022-01-13,168.49444580078125,172.8293615927784,168.1030216763988,172.00739332853072,84505800"
"2022-01-14,169.3555450439453,170.05029852382498,167.4180294399018,167.66266389110206,80440800"
"2022-01-18,166.1557159423828,168.83689986985863,165.77408681023036,167.82900716362772,90956700"
"2022-01-19,162.662353515625,167.40826837840387,162.37858408989868,166.3514456378891,94815000"
"2022-01-20,160.97923278808594,166.0382709410417,160.6563135530504,163.3962221186515,91420500"
"2022-01-21,158.92434692382812,162.76021377251277,158.81670715554318,160.89120276470334,122848900"
"2022-01-24,158.15127563476562,158.81668910799385,151.37979580013618,156.58562410189697,162294600"
"2022-01-25,156.3507843017578,159.26682305990172,153.65002507588994,155.56795099632697,115798400"
"2022-01-26,156.26272583007812,160.8618511560036,154.43286466260852,159.99095298775666,108275300"
"2022-01-27,155.80279541015625,160.32363543352318,154.88296745549835,158.96346843901696,121954600"
"2022-01-28,166.67431640625,166.69389133962514,159.3059292425837,162.15347733104576,179935700"
"2022-01-31,171.0288543701172,171.24413390438698,165.8719554140601,166.5080140130585,115541600"
"2022-02-01,170.8625030517578,171.08756258764447,168.61186289898112,170.27537434014533,86213900"
"2022-02-02,172.06607055664062,172.10522042730014,169.60994623393472,170.99946801633135,84914300"
"2022-02-03,169.1891632080078,172.45749049022623,168.42590499267487,170.7352545735362,89418100"
"2022-02-04,168.90504455566406,170.5804825811808,167.22960653014735,168.20939100229583,82465400"
"2022-02-07,168.18980407714844,170.4335039135459,167.4941505320522,169.36554243968104,77251200"
"2022-02-08,171.2957305908203,171.80522273077705,167.96445422996524,168.2583925780297,74829200"
"2022-02-09,172.71641540527344,173.07893089654075,171.36430797248656,172.49106914991745,71285000"
"2022-02-10,168.64048767089844,171.9325638827204,168.08201833200982,170.61965636290995,90865900"
"2022-02-11,165.2308807373047,169.5811269216294,164.64300397443432,168.846288443205,98670700"
"2022-02-14,165.4660186767578,166.15186486791518,163.19291135712115,163.98653444619794,86185500"
"2022-02-15,169.29696655273438,169.45373566949445,166.80832036305304,167.5137664381475,62527400"
"2022-02-16,169.06182861328125,169.83585183660028,166.6123672162483,168.3759824121772,61177400"
"2022-02-17,165.4660186767578,168.43476465088062,165.06430342539218,167.57254946752525,69589300"
"2022-02-18,163.91796875,167.0924613280084,162.83040723152354,166.3870301609273,82772700"
"2022-02-22,160.99819946289062,163.32028399061443,158.87205389872815,161.64484588368407,91162800"
"2022-02-23,156.83413696289062,162.79121451131508,156.52059869701176,162.19354527351996,90009200"
"2022-02-24,159.45013427734375,159.55791116992768,148.9272434071185,149.49552020889521,141147500"
"2022-02-25,161.51748657226562,161.78201763247694,157.61793335879435,160.52789462372328,91974200"
"2022-02-28,161.78199768066406,162.07593599497437,159.14637521454355,159.76364417956287,95056600"
"2022-03-01,159.9008331298828,163.23210951924372,158.69570233786408,161.37050993245586,83474400"
"2022-03-02,163.1929168701172,163.97674752234462,159.65589394659725,161.06678613054137,79724800"
"2022-03-03,162.86961364746094,165.49544453294706,162.20336719835964,165.06433685396212,76678400"
"2022-03-04,159.87144470214844,162.20333673673338,158.82308299816066,161.16476749621853,83737200"
"2022-03-07,156.07968139648438,161.6840502038395,155.82492784594277,160.05760426701897,96418800"
"2022-03-08,154.25730895996094,159.58734023748997,152.65046261455836,155.60941665986704,131148300"
"2022-03-09,159.65586853027344,160.1065759424101,156.187438255504,158.21558423430952,91454900"
"2022-03-10,155.3154296875,157.14762175986647,152.82676890064815,156.961460328922,105342000"
"2022-03-11,151.60206604003906,156.06008893270172,151.37671976951566,155.71715834467904,96970100"
"2022-03-14,147.57513427734375,151.0043799732345,147.06565710961667,148.38835719355112,108732100"
"2022-03-15,151.9547576904297,152.42506496258488,147.33998157862231,147.8494586979721,92964300"
"2022-03-16,156.36383056640625,156.7655458657659,151.33754541830783,153.8751841039313,102300200"
"2022-03-17,157.37298583984375,157.7453087439647,154.44343967423552,155.40362432397723,75615400"
"2022-03-18,160.66506958007812,161.15496186500974,156.53037749922927,157.2652159266267,123511700"
"2022-03-21,162.03677368164062,162.9871658912754,159.71467413165345,160.2045664067095,95811400"
"2022-03-22,165.40724182128906,165.99510360566663,161.57628048257416,162.1641422669517,81532000"
"2022-03-23,166.76910400390625,169.14997284411103,164.26084346132168,164.59398150898377,98062700"
"2022-03-24,170.55111694335938,170.61969409297694,166.769147690774,167.60195565228418,90131400"
"2022-03-25,171.18795776367188,171.73663471959298,169.25778100424003,170.36494232979024,80546200"
"2022-03-28,172.0501708984375,172.1775327221898,168.52294058057433,168.6895021580393,90371900"
"2022-03-29,175.3422393798828,175.39121664425457,172.7751938429614,173.11812439551318,100589400"
"2022-03-30,174.17628479003906,175.97908457885987,173.12790825883917,174.9405154603071,92633200"
"2022-03-31,171.08018493652344,174.43104638306448,170.87442359799343,174.2448849220912,103049300"
"2022-04-01,170.78623962402344,171.34472398421482,168.46415506398156,170.5119011506989,78751300"
"2022-04-04,174.83274841308594,174.8817406281064,170.9136104166494,171.0409871856376,76468400"
"2022-04-05,171.5210723876953,174.6955795536943,170.8940109049415,173.9117489626708,73401800"
"2022-04-06,168.35638427734375,170.11999949152553,166.69075350018778,168.87566890286308,89058800"
"2022-04-07,168.6601104736328,169.85544881098227,166.41641045043957,167.69992580849703,77594700"
"2022-04-08,166.6515350341797,168.30737316185164,165.77952746373003,168.30737316185164,76575500"
"2022-04-11,162.3992919921875,165.61298417615765,162.1543458504195,165.29946088886413,72246700"
"2022-04-12,164.27066040039062,166.435975608999,163.27127610008927,164.6233833916544,79265200"
"2022-04-13,166.95529174804688,167.58235330112555,163.39868377604554,164.00614545081112,70618900"
"2022-04-14,161.9485321044922,167.80765268372826,161.70358604199197,167.17078395103502,75329400"
"2022-04-18,161.7330322265625,163.23210129361956,160.2633554980497,160.60627109784113,69023900"
"2022-04-19,164.0159149169922,164.4274375522312,160.59647667199232,161.6840380358106,67723800"
"2022-04-20,163.84934997558594,165.46600329408383,162.74220370933205,165.34841899344127,67929800"
"2022-04-21,163.0557403564453,168.06243992326603,162.55605562621574,165.49540922825548,87227800"
"2022-04-22,158.51934814453125,164.4764404677371,158.2352171809879,163.09495550660975,84882400"
"2022-04-25,159.58731079101562,159.87144172970685,155.2566649146805,157.862880430984,96046400"
"2022-04-26,153.6302032470703,159.05820246882445,153.55181869779824,158.9700254572649,95623200"
"2022-04-27,153.40484619140625,156.5597381127117,152.2389003975014,152.7581849182673,88063200"
"2022-04-28,160.33192443847656,161.19413952588084,155.71713316880462,156.0306713643422,130216800"
"2022-04-29,154.4630126953125,162.84017274008735,154.0711048951049,158.5683119363977,131747600"
"2022-05-02,154.7667694091797,155.03130046543404,150.17157761678854,153.54203875876948,123055300"
"2022-05-03,156.2560272216797,157.46117291588328,153.15991957685017,154.95291204808,88966500"
"2022-05-04,162.66380310058594,163.11449553252916,156.04045128046997,156.4421664548319,108256500"
"2022-05-05,153.60084533691406,160.76306880958393,151.81763007952642,160.5377225238718,130525300"
"2022-05-06,154.32691955566406,156.44636712680793,151.2851189689877,153.0807608024048,116124600"
"2022-05-09,149.20492553710938,152.90414437032265,148.6456356183626,152.02103374851995,131577900"
"2022-05-10,151.6089324951172,153.79707304983472,150.05859659800515,152.59997843272657,115366700"
"2022-05-11,143.7493438720703,152.53129738037643,143.07229678522884,150.6179132038416,142689800"
"2022-05-12,139.88330078125,143.45495579096956,136.19390367446763,140.08936442340104,182602000"
"2022-05-13,144.34786987304688,145.3192870677171,140.42297369266063,141.87518108716213,113990900"
"2022-05-16,142.80735778808594,144.75019240669823,141.47289233038416,142.81717961196202,86643800"
"2022-05-17,146.43788146972656,146.95792901438662,143.9259353445969,146.0650115425021,78336300"
"2022-05-18,138.17596435546875,144.59316242526515,137.27322514239307,144.09274359887067,109742900"
"2022-05-19,134.77113342285156,139.00020681352638,134.03521536260072,137.2536291483144,136095600"
"2022-05-20,135.00662231445312,138.0582299092985,130.1201304167111,136.47845848613497,137426100"
"2022-05-23,140.42294311523438,140.5701207010343,135.065454407805,135.20282514531408,117726300"
"2022-05-24,137.72462463378906,139.30439614103204,134.7515166065387,138.16617251433556,104132700"
"2022-05-25,137.88157653808594,139.1277200199179,135.74250080690908,135.83080735810267,92482700"
"2022-05-26,141.08038330078125,141.62986633656274,134.56505664226245,134.81036263839988,90601500"
"2022-05-27,146.8303680419922,146.869610416665,142.5326018592053,142.6601657784012,90978500"
"2022-05-31,146.0453643798828,147.83119909756292,144.08291654363944,146.27105666109873,103718400"
"2022-06-01,145.91781616210938,148.89092345071006,144.9071417470177,147.08546005363647,74286600"
"2022-06-02,148.3708953857422,148.429766433254,144.1025647736461,145.05435330119587,72348100"
"2022-06-03,142.6503448486328,145.19171132509297,141.74762059734428,144.14179449565412,88570300"
"2022-06-06,143.39610290527344,145.7804854788439,142.17937951644433,144.26939183778111,71598400"
"2022-06-07,145.91781616210938,146.20236451194296,141.3943732786537,141.63967925937843,67808200"
"2022-06-08,145.18194580078125,147.05607272879104,144.6913336785422,145.79030004122362,53950200"
"2022-06-09,139.96182250976562,145.17212073609275,139.8538872463902,144.318460453583,69473000"
"2022-06-10,134.55526733398438,138.11710068108783,134.48657445941151,137.6461172993445,91437900"
"2022-06-13,129.4038543701172,132.6615109809625,128.97211331960065,130.37525676148604,122207100"
"2022-06-14,130.26727294921875,131.37606069096353,129.0113076188741,130.63033595491132,84784300"
"2022-06-15,132.88717651367188,134.7613181921413,129.67858439406757,131.76858160626196,91533000"
"2022-06-16,127.61799621582031,129.9042500251396,126.61714350302216,129.60007296838003,108123900"
"2022-06-17,129.08982849121094,130.58129318016776,127.37268647196602,127.62781429709099,134520300"
"2022-06-21,133.3189239501953,134.48658311474856,130.8168142802015,130.91492771438774,81000500"
"2022-06-22,132.80870056152344,135.17343948860204,131.395735327504,132.2592024365102,73409200"
"2022-06-23,135.67384338378906,135.98782727058793,133.08341268546732,134.2510716127321,72433800"
"2022-06-24,139.00018310546875,139.24548908371264,137.14567050883647,137.273219436367,89116800"
"2022-06-27,139.00018310546875,140.7958246628887,138.3231362099494,140.0206493871563,70207900"
"2022-06-28,134.85943603515625,140.72715167094702,134.74169394010806,139.46137923230657,67083400"
"2022-06-29,136.6158447265625,138.0288100068747,134.1039131048046,134.8790886274478,66242400"
"2022-06-30,134.1529541015625,135.77196780465343,131.2583461315228,134.67300165333307,98964500"
"2022-07-01,136.32142639160156,136.4293616172376,133.11283508569903,133.4856899787513,71051600"
"2022-07-05,138.90206909179688,138.95113328697806,134.35899711370092,135.18323666479031,73353800"
"2022-07-06,140.23655700683594,141.41402301996357,138.4311081218874,138.69604284083624,74064300"
"2022-07-07,143.60215759277344,143.79839942455877,140.58979232323185,140.5995991745189,66253700"
"2022-07-08,144.27920532226562,144.77963926575595,142.27751446518533,142.53262737695925,64547800"
"2022-07-11,142.1499481201172,143.88671918371236,141.08041731246487,142.9349304914586,63141600"
"2022-07-12,143.12135314941406,145.66272006961017,142.32656399441228,143.02322474684678,77588800"
"2022-07-13,142.75828552246094,143.700252180436,139.4515504526769,140.30522551606126,71185600"
"2022-07-14,145.68231201171875,146.1532952862436,140.56032211285975,141.3747397374832,78140700"
"2022-07-15,147.35044860839844,148.02749575844047,145.41743557537487,146.9677717373696,76259900"
"2022-07-18,144.3086395263672,148.7241480973096,143.9455764182645,147.9097302753274,81420900"
"2022-07-19,148.16488647460938,148.3905638975264,144.15168221576744,145.14271348361729,82982400"
"2022-07-20,150.16651916503906,150.8337592919261,147.54665279809592,148.2825708215841,64823400"
"2022-07-21,152.43316650390625,152.64903699884627,149.08718880462706,151.5991200487024,65086600"
"2022-07-22,151.19680786132812,153.3456908921451,150.52958270466215,152.47240210045547,66675400"
"2022-07-25,150.07821655273438,152.12897123891142,149.42079823109208,151.1183116577891,53623900"
"2022-07-26,148.7535858154297,150.21560020375307,147.96860350790257,149.40118236976926,55138700"
"2022-07-27,153.84608459472656,154.37595387109238,149.30302823990996,149.71514047025667,78620700"
"2022-07-28,154.39564514160156,154.6801935925864,151.51084338722362,154.0325819799109,81378700"
"2022-07-29,159.45870971679688,160.5576907977121,156.5052308137223,158.21256599444197,101786900"
"2022-08-01,158.4774627685547,160.51841022661148,157.86910875677486,157.9868508307224,67829400"
"2022-08-02,157.00563049316406,159.36057683120032,156.63277559316523,157.09395202290318,59907000"
"2022-08-03,163.0107421875,163.4620968271696,157.73175246172306,157.82005902527283,82507500"
"2022-08-04,162.69674682617188,164.05084071884252,161.34265293350123,162.89298862903826,55474100"
"2022-08-05,162.47076416015625,162.96205765324038,160.16167874542583,160.3680286094797,56697000"
"2022-08-08,161.9990997314453,164.88790765782107,161.34076829816232,163.47298010260957,60276900"
"2022-08-09,162.0482635498047,162.9326009401167,160.40734488370262,161.16394115258205,63135500"
"2022-08-10,166.29302978515625,166.3912794896035,163.99376480339055,164.76018146628317,70170500"
"2022-08-11,165.55613708496094,168.01260529802178,165.2613579007752,167.09879132635524,57149200"
"2022-08-12,169.1032257080078,169.17199900038648,166.45022886043446,166.86292858705644,68039400"
"2022-08-15,170.17425537109375,170.37076978453467,168.36629877849532,168.53333677957454,54091700"
"2022-08-16,170.01705932617188,170.6852264080059,168.6709196812625,169.77141253005902,56377100"
"2022-08-17,171.5105743408203,173.08270464114312,169.5650561598673,169.76157057327157,79542000"
"2022-08-18,171.11753845214844,171.8544787813878,170.1054749327735,170.72450960712317,62290100"
"2022-08-19,168.5333251953125,170.71466951867444,168.3269753298755,170.0170261568602,70346300"
"2022-08-22,164.65211486816406,166.90223255698254,164.22959465128477,166.73519456201245,69026800"
"2022-08-23,164.3180389404297,165.77227866474297,163.74813661491604,164.17065687050786,54147100"
"2022-08-24,164.61280822753906,165.1827105189657,163.35509799580043,164.40647334198977,53841500"
"2022-08-25,167.06927490234375,167.17736007756102,165.41853585512217,165.84104108991514,51218200"
"2022-08-26,160.77090454101562,168.07153485537452,160.71195171096292,167.59989722186273,78961000"
"2022-08-29,158.5699005126953,160.06342201093398,157.03706713692557,158.34389469961232,73314000"
"2022-08-30,156.1428985595703,159.72933499269527,154.9736176696823,159.30682979347176,77906200"
"2022-08-31,154.48233032226562,157.78382326299328,154.403721562595,157.51852057324083,87991100"
"2022-09-01,155.20944213867188,155.66142374222144,151.97672265788725,153.91242016030444,74229900"
"2022-09-02,153.0968780517578,157.56765189981036,152.2715085702032,156.9682732301626,76957800"
"2022-09-06,151.8391876220703,154.3546082697241,151.01381803326322,153.74540904842692,73714800"
"2022-09-07,153.24427795410156,153.9419063408882,150.93519246411637,152.1241293530868,87449600"
"2022-09-08,151.77040100097656,153.6373103822705,150.02138227376568,151.94725947173376,84923800"
"2022-09-09,154.6297149658203,155.07189112050955,152.0553417641127,152.76280561990976,68028800"
"2022-09-12,160.5841827392578,161.39973173078485,156.5261087123494,156.81105233922636,104956000"
"2022-09-13,151.1612091064453,157.74454025448654,150.69939192954584,157.11568505512628,122656600"
"2022-09-14,152.60562133789062,154.36446088777137,150.93522603406518,152.0946717767246,87965400"
"2022-09-15,149.71678161621094,152.5368165999088,148.74403004784534,151.9570788549336,90481100"
"2022-09-16,148.0758819580078,148.7145726076231,145.78645207689314,148.57701100499813,162278800"
"2022-09-19,151.79005432128906,151.86866309017464,146.50374580326707,146.71008070263835,81474200"
"2022-09-20,154.1679229736328,155.32738364566532,150.41444773199837,150.72886783406594,107689800"
"2022-09-21,151.04327392578125,155.9758648340084,150.92536828428254,154.600234046477,101696800"
"2022-09-22,150.08038330078125,151.78025506037338,148.28224681807626,149.72665128790337,86652500"
"2022-09-23,147.81057739257812,148.83247642204518,145.97314422465584,148.55735322020942,96029900"
"2022-09-26,148.14463806152344,151.09239889982268,147.0343100146429,147.05396595162924,93339400"
"2022-09-27,149.11740112304688,152.02586530633175,147.33892101138343,150.08034720002962,84442700"
"2022-09-28,147.23086547851562,148.016938253305,142.3179293774459,145.06917659266318,146691400"
"2022-09-29,139.99900817871094,144.16518295071455,138.23034837016746,143.55598373619551,128138200"
"2022-09-30,135.7935333251953,140.60821907927374,135.59701890511008,138.8199033723931,124925300"
"2022-10-03,139.96954345703125,140.57875771553063,135.29243378870405,135.80338333009652,114311700"
"2022-10-04,143.55596923828125,143.67387488258018,141.7479977315321,142.504593932989,87830100"
"2022-10-05,143.8507080078125,144.81365391024482,140.5197392053699,141.56129385451618,79471000"
"2022-10-06,142.8976287841797,144.97088807825529,142.69129389793306,143.27101666436323,68402200"
"2022-10-07,137.6505889892578,140.60818501990053,137.0217340014585,140.05792378662625,85925600"
"2022-10-10,137.974853515625,139.4192574875598,136.15707670936632,137.974853515625,74899000"
"2022-10-11,136.5599365234375,138.88867789955424,135.8131758038938,137.4639147607023,77033700"
"2022-10-12,135.9310760498047,137.9159059012539,135.7542175942047,136.70732814205923,70433700"
"2022-10-13,140.50013732910156,141.08968060374895,132.03022618093473,132.6394403890868,113224000"
"2022-10-14,135.97039794921875,142.00348171103434,135.78370401470698,141.79713183786654,88598000"
"2022-10-17,139.93019104003906,140.41164898077844,137.82745586892307,138.6135283145828,85250900"
"2022-10-18,141.24688720703125,144.1455159806622,138.1615644966325,142.95659405664904,99136600"
"2022-10-19,141.35498046875,142.42599680685538,139.03607431855443,139.22276826600364,61758300"
"2022-10-20,140.89312744140625,143.34959455977452,140.1660077768585,140.5295751056751,64522000"
"2022-10-21,144.7056121826172,145.2755145225026,140.16604940438248,140.38221977444553,86548600"
"2022-10-24,146.84762573242188,147.6140424012265,143.45770354454174,144.62698448602487,75981900"
"2022-10-25,149.68731689453125,149.83471395703802,146.75921150175503,147.476495894735,74732300"
"2022-10-26,146.7493896484375,149.3434189974195,145.46218795090752,148.33135548203074,88194300"
"2022-10-27,142.2786102294922,146.45460526216635,141.6202786941001,145.49167413504986,109180200"
"2022-10-28,153.0281219482422,154.75746986477446,145.24603383421282,145.619406740808,164762400"
"2022-10-31,150.66989135742188,151.55422867895751,149.27461957607085,150.49303288896766,97943200"
"2022-11-01,148.0267333984375,152.74315424703352,146.5332118743015,152.3796018355527,80379300"
"2022-11-02,142.5045928955078,149.5202635488904,142.47511648464766,146.35633217647393,93604600"
"2022-11-03,136.46170043945312,140.31344004952294,136.33395931941936,139.58632020230726,97918500"
"2022-11-04,136.19595336914062,140.41823769444377,132.25908536615194,139.84739003185524,140814800"
"2022-11-07,136.72743225097656,136.95379796987663,133.52872680415337,134.94600177423487,83374600"
"2022-11-08,137.2982635498047,139.19779504119253,135.31999290082103,138.1939045722533,89908500"
"2022-11-09,132.74136352539062,136.36329048249235,132.4657839221066,136.31407662091405,74917800"
"2022-11-10,144.55198669433594,144.55198669433594,137.29831016723475,139.0108536360027,118854000"
"2022-11-11,147.33726501464844,147.64236984681628,142.09138720356083,143.51851370440974,93979700"
"2022-11-14,145.93971252441406,147.90814675324938,145.10312196997452,146.61882473623606,73374100"
"2022-11-15,147.6719207763672,151.16589433590542,146.2152837355369,149.81752177217496,89868300"
"2022-11-16,146.441650390625,147.50460662223392,144.96532479416157,146.77629560614008,64218300"
"2022-11-17,148.3411865234375,149.0891860323431,143.8433076526517,144.11888720950952,80389400"
"2022-11-18,148.90220642089844,150.28995621048665,147.6030475887024,149.90611212166033,74829600"
"2022-11-21,145.67393493652344,147.9966873729924,145.3885186493538,147.79001023834212,58724100"
"2022-11-22,147.80972290039062,148.0459404204949,144.6110171948753,145.79208977743497,51804100"
"2022-11-23,148.68569946289062,149.43369912767082,146.9829928956722,147.0912573882817,58301400"
"2022-11-25,145.7723846435547,146.5302359602774,144.79800437919693,145.96922504559745,35195900"
"2022-11-28,141.94378662109375,144.32559012136235,141.11704788902577,142.8492645206864,69246000"
"2022-11-29,138.94190979003906,142.5244590100729,138.13485967272496,142.01266197350824,83763800"
"2022-11-30,145.69366455078125,146.3727767919922,138.3317244213744,139.16829999405587,111380900"
"2022-12-01,145.96922302246094,146.7762881829984,144.29605710134743,145.87081033178356,71250400"
"2022-12-02,145.47711181640625,145.66411544857186,143.35119950014382,143.65631938407483,65447400"
"2022-12-05,144.31576538085938,148.5380503426706,143.46933803189978,145.43777233013495,68826400"
"2022-12-06,140.65444946289062,144.9751613197971,139.68006926529813,144.74879562385667,64727200"
"2022-12-07,138.71554565429688,141.10718574311466,137.7903792762826,139.9458168978351,69721100"
"2022-12-08,140.39852905273438,141.25480793302907,138.8730049343077,140.11311277127444,62128300"
"2022-12-09,139.9163055419922,143.2724894333561,138.6761823933455,140.09345741010685,76097000"
"2022-12-12,142.20953369140625,142.21937045590607,138.8336612407948,140.44777667846864,70462700"
"2022-12-13,143.17405700683594,147.60303377953338,141.9634742273276,147.1404505596148,93886200"
"2022-12-14,140.94970703125,144.34525228867759,138.93205940879196,143.05593056925082,82291200"
"2022-12-15,134.34564208984375,139.5619960317231,133.88305882406812,138.88288378971373,98931900"
"2022-12-16,132.38702392578125,135.47746472052233,131.61933586337778,134.5326248058533,160156900"
"2022-12-19,130.2808074951172,133.06614357854048,129.24739159594094,132.9775676474043,79592600"
"2022-12-20,130.2119140625,131.14691722297425,127.83994745250583,129.31627297471567,77432800"
"2022-12-21,133.31219482421875,134.6507305969255,130.65481182459862,130.88117753836192,85928000"
"2022-12-22,130.14303588867188,132.43626376220547,128.24350390512237,132.2295865606811,77852100"
"2022-12-23,129.77883911132812,130.32999816428637,127.59387642427377,128.85367283616628,63814900"
"2022-12-27,127.97775268554688,129.3359771357154,126.68843064335461,129.3064518231432,69007800"
"2022-12-28,124.05069732666016,128.96193748980502,123.88338225804115,127.6234019228951,85438400"
"2022-12-29,127.56436920166016,128.42063320760047,125.71404389802797,125.9699349180437,75703700"
"2022-12-30,127.87931823730469,127.8990067839709,125.41878304163788,126.38331908581098,77034200"
"2023-01-03,123.09601593017578,128.83399514878522,122.21021915687207,128.2237854341601,112117500"
"2023-01-04,124.36566925048828,126.62937150933897,123.10587260552037,124.8873030948284,89113600"
"2023-01-05,123.04680633544922,125.75340309203497,122.79091532129203,125.12350481122068,80962700"
"2023-01-06,127.5741958618164,128.23361941413805,122.9188539076289,124.02117959147921,87754700"
"2023-01-09,128.09584045410156,131.30439758356596,127.83994943275363,128.41079711233908,70790800"
"2023-01-10,128.6667022705078,129.18833615231142,126.09789493911427,128.20411901412172,63896200"
"2023-01-11,131.3831329345703,131.4028064616691,128.40095662151043,129.1784814447806,69458900"
"2023-01-12,131.30441284179688,132.14098840377943,129.36550386584642,131.76699610111268,71379600"
"2023-01-13,132.63308715820312,132.79056549396478,129.58202324711493,129.94617875784812,57809700"
"2023-01-17,133.7944793701172,135.12316348796887,132.01304876349633,132.70199775252627,63646600"
"2023-01-18,133.0760040283203,136.42233624485746,132.898837136548,134.6605941996835,69672800"
"2023-01-19,133.1350555419922,134.0995841255356,131.6587298451973,131.9638347529944,58280400"
"2023-01-20,135.69400024414062,135.84164181281548,132.10161400912494,133.14488168206822,80223600"
"2023-01-23,138.88284301757812,141.05796890647485,135.7235002594527,135.9400291721196,81760300"
"2023-01-24,140.28045654296875,140.90051809732327,138.0856567013407,138.0954934654877,66435100"
"2023-01-25,139.62103271484375,140.18202862963406,136.61916767862735,138.6663409653264,65799300"
"2023-01-26,141.68788146972656,141.9732977828438,139.6603818984353,140.9103416541343,54105100"
"2023-01-27,143.6267852783203,144.9062704324847,140.82177572822627,140.90051489349364,70555800"
"2023-01-30,140.74302673339844,143.2527830109075,140.59540019505755,142.67209860282117,64015300"
"2023-01-31,142.01266479492188,142.06187864867766,140.03439402480078,140.4477633640219,65874500"
"2023-02-01,143.13467407226562,144.29605796571016,139.08955653554688,141.69772563249788,77663600"
"2023-02-02,148.4395751953125,148.79387880270858,145.83139183654328,146.54986584813346,118339000"
"2023-02-03,152.0615234375,154.8960731461596,145.4967979818679,145.69363837431163,154357300"
"2023-02-06,149.33523559570312,150.68362304726807,148.40023248441526,150.16198925829823,69858300"
"2023-02-07,152.2091522216797,152.77999988075524,148.2624474794368,148.2624474794368,83322600"
"2023-02-08,149.52224731445312,152.14026818212696,148.78408455222657,151.45131927430748,64120100"
"2023-02-09,148.48883056640625,151.89422837459855,148.0459358705389,151.3529059605557,56007100"
"2023-02-10,148.8535614013672,149.17885078358248,147.08912934244577,147.32570754066396,57450700"
"2023-02-13,151.6529998779297,152.05713357186568,148.76483299254943,148.79440338379132,62199000"
"2023-02-14,151.01223754882812,151.5741049324063,148.70565732767898,149.94765859116993,61707600"
"2023-02-15,153.11184692382812,153.27941747242824,150.69683660205456,150.92354792770303,65573800"
"2023-02-16,151.5149688720703,154.09754945424802,151.16010920849044,151.31781291605773,68167900"
"2023-02-17,150.3715362548828,150.8151070910907,148.69581585093724,150.17439533222245,59144100"
"2023-02-21,146.35968017578125,149.1394173925265,146.29068760704538,148.05511953332274,58867200"
"2023-02-22,146.7835235595703,147.80866542554767,145.0585140913541,146.74408634882758,51011300"
"2023-02-23,147.26649475097656,148.19307353450165,145.13735195408904,147.9466436470061,48394200"
"2023-02-24,144.61495971679688,145.0881010134071,143.6390916917033,145.00924162382364,55469600"
"2023-02-27,145.8076629638672,147.039812645864,145.34437348016522,145.60067024018994,44998500"
"2023-02-28,145.30494689941406,146.95109701970668,144.7332276594082,144.95008720013072,50547000"
"2023-03-01,143.2349395751953,145.1275197577975,142.93922063146897,144.73323786008925,55479000"
"2023-03-02,143.8263397216797,144.61491835105835,141.84503384724397,142.31819004940294,52238100"
"2023-03-03,148.87326049804688,148.9521198871165,145.22610023869615,145.9259528752422,70732300"
"2023-03-06,151.63328552246094,154.0680147422593,151.26857399298945,151.59384830577196,87558000"
"2023-03-07,149.43511962890625,151.83041139396585,148.9718301446463,151.50512207262017,56182000"
"2023-03-08,150.6869659423828,151.27840377958802,149.6618240709013,150.6278251668401,47204800"
"2023-03-09,148.43954467773438,152.33313497413033,148.08468493947933,151.3671337581158,53833600"
"2023-03-10,146.37936401367188,148.7845223003039,145.50207415084836,148.06495118697146,68572400"
"2023-03-13,148.32125854492188,150.9531285889032,145.59081050522525,145.69924028415588,84457100"
"2023-03-14,150.41098022460938,151.209410853691,147.95654755608294,149.11968969699433,73695900"
"2023-03-15,150.8052520751953,151.0615337650689,147.77908558210245,149.03095372752588,77167900"
"2023-03-16,153.6244354248047,154.22572509887632,149.47454848721353,149.98712698991974,76161100"
"2023-03-17,152.7865447998047,154.50170239485772,152.07682545294745,153.85112382009055,98944600"
"2023-03-20,155.1522979736328,155.56631354554972,151.94870846939224,152.85558396503848,73641400"
"2023-03-21,157.0054473876953,157.1237289497417,154.3045697408097,155.07344501678244,73938300"
"2023-03-22,155.57615661621094,159.82460651427928,155.5564380089166,157.0251659140942,75701800"
"2023-03-23,156.66043090820312,159.24302685232914,155.4282812343858,156.56186795883147,67622100"
"2023-03-24,157.96160888671875,158.0503200650471,155.5958872192805,156.5914588714899,59196500"
"2023-03-27,156.0196990966797,158.47414634705046,155.615550445655,157.65599726359355,52390300"
"2023-03-28,155.39869689941406,156.22671283698608,153.75254688783264,155.71413440722972,45992200"
"2023-03-29,158.4741973876953,158.75019776487642,157.07447689173614,157.09418046089732,51305700"
"2023-03-30,160.04147338867188,160.14990317241256,158.96704237580855,159.22332411879057,49501700"
"2023-03-31,162.545166015625,162.64374399803975,159.59787385661696,160.1203040734608,68749800"
"2023-04-03,163.79702758789062,163.91530912930577,161.87487733545584,161.92416632467473,56976200"
"2023-04-04,163.26473999023438,164.45745226747852,162.7521615936014,164.22088919279193,46278300"
"2023-04-05,161.4214630126953,162.69304993016723,159.48946069965245,162.38747921010668,51511700"
"2023-04-06,162.30859375,162.60431263964267,159.68657599119575,160.11042820166983,45390100"
"2023-04-10,159.71617126464844,159.71617126464844,157.7940207437735,159.11488161033475,47716900"
"2023-04-11,158.50375366210938,160.0414742096721,158.21788648492154,160.03162242596915,47644200"
"2023-04-12,157.81369018554688,159.74569188739582,157.4982527414739,158.91769115803197,50133100"
"2023-04-13,163.1957550048828,163.4323331532267,159.11487595150933,159.32188371142138,68445600"
"2023-04-14,162.8507537841797,163.9449032227771,161.48060404043056,162.23959735915352,49386500"
"2023-04-17,162.87046813964844,163.02818690758198,161.68760746192598,162.73246797792896,41516200"
"2023-04-18,164.09275817871094,165.019337094876,163.28446081239204,163.72804670609275,49923000"
"2023-04-19,165.2362060546875,165.7586363174907,163.17604035173306,163.43233711220313,47720200"
"2023-04-20,164.2701873779297,165.47276665465435,163.1957564794937,163.71818673436218,52456400"
"2023-04-21,162.6634979248047,164.07307012591417,162.141067594516,162.6930683177726,58337300"
"2023-04-24,162.9690704345703,163.2352190150396,161.54963139325648,162.64378106752824,41949600"
"2023-04-25,161.43133544921875,163.93505711689548,161.3918982344198,162.83105575677226,48714100"
"2023-04-26,161.4214630126953,162.91976126426218,160.47518046288778,160.73146218660858,45498800"
"2023-04-27,166.0050811767578,166.15293313578908,162.8310621018307,162.8310621018307,64902300"
"2023-04-28,167.25692749023438,167.424513091262,165.4826438930684,166.08393356927388,55275900"
"2023-05-01,167.16818237304688,168.01590182570695,166.23175176672046,166.86261170538234,52472900"
"2023-05-02,166.13320922851562,167.91737470896658,165.1474894240389,167.66107793363267,48425700"
"2023-05-03,165.05874633789062,168.47919460136384,164.7728942678528,167.07947455454496,65136000"
"2023-05-04,163.4224853515625,164.6546351492701,161.9636242025262,162.53534351356944,81235400"
"2023-05-05,171.09140014648438,171.81097141948842,168.32151475691046,168.53837432535954,113453200"
"2023-05-08,171.0223846435547,171.36739258858663,169.65223472844943,170.0169462399646,55962800"
"2023-05-09,169.31707763671875,171.06179068201072,169.14950709207488,170.57879765359286,45326900"
"2023-05-10,171.08151245117188,171.54480192353225,169.44521410372417,170.5492304195713,53724500"
"2023-05-11,171.268798828125,172.09679977091955,169.71135988855104,171.3673768150292,49514700"
"2023-05-12,170.34092712402344,171.81167121139163,168.79119952450796,171.3773522647327,45533100"
"2023-05-15,169.84742736816406,170.97270170588305,169.25517137496644,170.92334452950067,37266700"
"2023-05-16,169.84742736816406,170.9035986466086,169.58091066505557,169.76845889829133,42110300"
"2023-05-17,170.4593963623047,170.69628668546216,168.21871333171157,169.492059065459,57951600"
"2023-05-18,172.7889404296875,172.97648867280256,170.3508433925847,170.76541658498283,65496700"
"2023-05-19,172.89749145507812,174.11159953538055,172.68033195301507,174.11159953538055,55809500"
"2023-05-22,171.9499053955078,172.45332751081392,171.2095929310653,171.73274586766902,43570900"
"2023-05-23,169.343994140625,171.140492823502,169.06761204505847,170.89372201948225,50747300"
"2023-05-24,169.62037658691406,170.19288666082696,168.317434571077,168.88006417332414,45143500"
"2023-05-25,170.7555389404297,171.65377326209193,169.47232768730396,170.18302884098296,56058300"
"2023-05-26,173.16400146484375,173.49962120538788,170.87397623432938,171.08127033696854,54835000"
"2023-05-30,175.00982666015625,176.67799941387813,174.2892602555298,174.6742220401047,55964400"
"2023-05-31,174.96051025390625,177.03339115324283,174.47683402760893,175.03947872320146,99625300"
"2023-06-01,177.76382446289062,177.79343575638538,174.64463768008144,175.40469602373648,68901800"
"2023-06-02,178.61268615722656,179.4319669478336,176.94451328757913,178.69165461361322,61996900"
"2023-06-05,177.26040649414062,182.56103856696868,175.74028990045602,180.27101332814428,121946500"
"2023-06-06,176.89515686035156,177.79339097293357,175.13813520595488,177.64533454275295,64848400"
"2023-06-07,175.5231170654297,178.86932803839457,175.0295755351299,176.13510374325992,61944600"
"2023-06-08,178.23764038085938,178.5041420299357,175.1678106866245,175.6021146908698,50214900"
"2023-06-09,178.62257385253906,179.8761586114367,178.29683460490384,179.15559212759166,48900000"
"2023-06-12,181.41600036621094,181.51471470308874,178.6324337942364,178.92856174317663,54274900"
"2023-06-13,180.94224548339844,181.77139187803073,180.08348779336475,180.43883839987808,54929100"
"2023-06-14,181.57395935058594,182.00827838693002,179.66889592317074,181.00144926283193,57462900"
"2023-06-15,183.60736083984375,184.1107829667957,181.40616927858855,181.58385210624687,65433200"
"2023-06-16,182.5314178466797,184.57468723659963,181.88981981135748,184.31803597311566,101256200"
"2023-06-20,182.62025451660156,183.69618663444365,182.02801364300083,182.02801364300083,49799100"
"2023-06-21,181.58383178710938,183.015099412311,180.23151756348105,182.51167734169172,49515700"
"2023-06-22,184.58456420898438,184.63392138287654,181.29757524213758,181.36667829792557,51245300"
"2023-06-23,184.26866149902344,185.13729942612093,182.6202345686034,183.1532678644832,53117000"
"2023-06-26,182.8769073486328,185.6209974197008,182.83741558637178,184.4167547195407,48088700"
"2023-06-27,185.630859375,185.9565986299679,183.27173119056016,183.48889069387212,50730800"
"2023-06-28,186.8054962158203,187.44709427325768,185.17681495512898,185.50253915791174,51216800"
"2023-06-29,187.14111328125,187.6149240946042,186.49951518133068,186.63770623646846,46347300"
"2023-06-30,191.46453857421875,191.96794560784363,188.78953634841974,189.1547673916645,85213200"
"2023-07-03,189.9740447998047,191.37570117698604,189.28307449044232,191.27698682945007,31458200"
"2023-07-05,188.85865783691406,190.48733932830032,188.15782203618815,189.0955632614615,46920300"
"2023-07-06,189.33242797851562,189.53972207962792,186.756140199604,187.3878728511301,45094300"
"2023-07-07,188.2169952392578,190.18129599874976,187.78269133409245,188.93757673504143,46815000"
"2023-07-10,186.1737518310547,187.53593138541007,184.62402407003376,186.8153498480431,59922200"
"2023-07-11,185.650634765625,186.85487763479418,184.1897556525184,186.71668657087457,46638100"
"2023-07-12,187.31878662109375,189.22385000348103,186.03557542450565,187.22993768452707,60750200"
"2023-07-13,188.07884216308594,188.72045533421505,187.32866429002723,188.03936545890204,41342300"
"2023-07-14,188.2268829345703,188.71054402484233,187.1805772351739,187.7728180713282,41616200"
"2023-07-17,191.4842529296875,191.8099921548826,189.3324039740118,189.42123783678522,50520200"
"2023-07-18,191.22763061523438,191.8198865800326,189.93455398917624,190.85254922844402,48288200"
"2023-07-19,192.57992553710938,195.6694855056854,190.1615598085878,190.60575926840173,80507300"
"2023-07-20,190.63539123535156,193.9322456468904,190.01352397351403,192.57006595398724,59581200"
"2023-07-21,189.46075439453125,192.45161532627134,188.75991868585442,191.59285775033445,71951700"
"2023-07-24,190.26028442382812,192.3923877240068,189.76674282999198,190.9117629424984,45377800"
"2023-07-25,191.1190643310547,191.9284798692301,190.42810903120733,190.83281680029503,37283200"
"2023-07-26,191.98770141601562,193.11297577300414,190.82295035426253,191.1684204714641,47471900"
"2023-07-27,190.72421264648438,194.65279947329122,190.06286872536143,193.48804855415668,47460200"
"2023-07-28,193.30052185058594,194.09019149232068,191.63234868611636,192.15550162315532,48291400"
"2023-07-31,193.9124755859375,193.9519673452193,192.7378442652397,193.52751377225187,38824100"
"2023-08-01,193.08335876464844,194.1888872056883,192.7576194786216,193.70522604358104,35175100"
"2023-08-02,190.09246826171875,192.65887532596588,189.37190180440743,192.52068429221174,50389300"
"2023-08-03,188.70069885253906,189.885195713569,188.22690312046603,189.09554118067888,61235200"
"2023-08-04,179.63929748535156,184.95967593788856,179.57019442385428,183.12370037395337,115956800"
"2023-08-07,176.5398406982422,180.7645556934903,175.0592158617292,179.77747246914834,97576100"
"2023-08-08,177.4775390625,177.9414693105031,175.2862134413724,177.36895932229305,67823000"
"2023-08-09,175.88836669921875,178.59296516430098,174.72360063232372,178.53374257918168,60378500"
"2023-08-10,175.67117309570312,178.41526279292168,175.30595718386297,177.16166309157035,54686900"
"2023-08-11,175.7305145263672,176.55090180538758,174.50488805624465,175.26597277471524,52036700"
"2023-08-14,177.3811492919922,177.60848075837384,175.2560457553654,175.90840396188517,43675600"
"2023-08-15,175.3944549560547,177.40093867304276,174.99909450146933,176.80789799116474,43622600"
"2023-08-16,174.5246124267578,176.4717779827851,174.45541607052797,175.07812294847426,46964900"
"2023-08-17,171.98440551757812,175.4537406821077,171.47042491030345,175.08803154260252,66062900"
"2023-08-18,172.46876525878906,173.07169980381985,169.968073231539,170.30413115315332,61172200"
"2023-08-21,173.8031005859375,174.08974972921308,171.7274356199635,173.04203097276417,46311900"
"2023-08-22,175.1769561767578,175.62174034186654,174.20831275998293,175.0089272735848,42038900"
"2023-08-23,179.02194213867188,179.44696895877536,176.2642675025049,176.45206899868776,52722800"
"2023-08-24,174.3368377685547,179.0021629998802,173.97111355320405,178.57713623123834,54945800"
"2023-08-25,176.54100036621094,177.07473842454561,173.78332608108835,175.3252527852027,51449600"
"2023-08-28,178.1027069091797,178.49806733287568,176.48170504077262,178.003859262239,43820700"
"2023-08-29,181.98716735839844,182.75813070921157,177.4206898063463,177.61837000977968,53003900"
"2023-08-30,185.47628784179688,185.67398314097,182.6000082560471,182.7976884731864,60813900"
"2023-08-31,185.69375610351562,186.92927641629686,185.3082743692093,185.6641048225717,60794500"
"2023-09-01,187.26536560058594,187.7200286690743,186.0990264817838,187.29501688409448,45766500"
"2023-09-05,187.50254821777344,187.7793035443977,185.43676200045883,186.09899903788357,45280000"
"2023-09-06,180.79119873046875,186.66239298088038,179.3678770840619,186.21759365485326,81755800"
"2023-09-07,175.50315856933594,176.14563807720947,171.5297216636145,173.1507234483217,112488800"
"2023-09-08,176.11598205566406,178.15213198996554,175.7305003611282,176.2840260730559,65551300"
"2023-09-11,177.28231811523438,178.21143169284028,175.28571330476424,177.98410020535158,58953100"
"2023-09-12,174.25778198242188,178.04341790139725,172.79493020499618,177.4108321261293,90370200"
"2023-09-13,172.1919708251953,175.24617287306006,171.96462426919445,174.46531572894506,84267900"
"2023-09-14,173.70423889160156,174.06006926639952,171.56925664281374,171.98438956640607,60895800"
"2023-09-15,172.9827117919922,174.45545734300367,171.80650919609533,174.43568479625586,109259500"
"2023-09-18,175.9084014892578,177.30207170667876,174.12924962468128,174.4356561798522,67257600"
"2023-09-19,176.9956817626953,177.54919237650395,175.07815207769175,175.46363376102514,51826900"
"2023-09-20,173.45713806152344,177.61836118650515,173.36816915467014,177.18345571133617,58436200"
"2023-09-21,171.91519165039062,174.25774788080986,171.84601037143327,172.52801984046553,63149100"
"2023-09-22,172.76524353027344,175.0287248458324,172.03382526857388,172.6466384244914,56725400"
"2023-09-25,174.0403289794922,174.92001880772483,172.13267784152856,172.18210166869468,46172700"
"2023-09-26,169.968017578125,173.17047568238368,169.6714897694264,172.79488786792757,64588900"
"2023-09-27,168.4557647705078,171.03553164114703,167.0917606780329,170.62039864934732,66921800"
"2023-09-28,168.7127685546875,170.03724268196555,165.6783234920371,167.37840061261642,56294400"
"2023-09-29,169.22671508789062,171.06516950648842,168.3667828862352,170.027329658855,51861100"
"2023-10-02,171.73728942871094,172.28092127496365,168.94994891630552,169.2365980179806,52164500"
"2023-10-03,170.4029541015625,171.61871693838452,168.84126971126884,170.26457643095287,49594600"
"2023-10-04,171.6483612060547,172.19199313339385,168.98951921036945,169.10812432832188,53020300"
"2023-10-05,172.88389587402344,173.4176340313492,170.67971670138417,171.77685938003185,48527900"
"2023-10-06,175.43397521972656,175.9281832590251,171.17388925206592,171.78671747657816,57266700"
"2023-10-09,176.91661071777344,176.9759132731787,173.76356081110382,174.76185568517045,42390800"
"2023-10-10,176.3235321044922,177.63812721273464,175.88862664528037,176.0368980965743,43698000"
"2023-10-11,177.71722412109375,177.76664794425923,175.54271164011269,176.13575227199846,47551100"
"2023-10-12,178.61669921875,180.2278073787141,176.96603088257305,177.98411345020415,56743100"
"2023-10-13,176.7782440185547,179.82255265296823,176.0764618780152,179.31846581874476,51427100"
"2023-10-16,176.64971923828125,177.00554962273654,174.46531311220224,174.7025383958498,52517000"
"2023-10-17,175.097900390625,176.35319301979084,172.7751316803463,174.60369235668924,57549400"
"2023-10-18,173.8031005859375,175.5229501994882,173.08156098457755,173.5461178040648,54764400"
"2023-10-19,173.427490234375,175.7799102245973,173.16061367257353,174.00075828264139,59302900"
"2023-10-20,170.87734985351562,173.38791966564807,170.6401246021052,173.27919331067204,64244000"
"2023-10-23,170.99600219726562,171.99429712738208,167.96155723103598,168.93021596381925,55980100"
"2023-10-24,171.430908203125,171.6582397062376,169.46395453488128,171.04542648826694,43816600"
"2023-10-25,169.11801147460938,171.0552987076063,168.67321213575732,169.88897487497013,57157000"
"2023-10-26,164.95680236816406,169.39479716399708,163.7509332268827,168.39648700816127,70625300"
"2023-10-27,166.2713623046875,167.00279566914165,164.89746448966903,164.97653958977486,58499100"
"2023-10-30,168.31736755371094,169.18717852998205,166.91381853056686,167.06208999172168,51131000"
"2023-10-31,168.79183959960938,168.92032345051314,165.95507483465602,167.3882903979478,44846000"
"2023-11-01,171.95474243164062,172.2117251766134,168.14933458405196,169.01914553939386,56934900"
"2023-11-02,175.51304626464844,175.72060519042475,173.42748778366638,173.48679033388817,77334800"
"2023-11-03,174.60369873046875,174.77174274032964,171.34193765305042,172.22162738228718,79829200"
"2023-11-06,177.15382385253906,177.35150406781844,174.16881791314302,174.33684685023218,63841300"
"2023-11-07,179.71383666992188,180.32664987384885,176.89684453064555,177.10440348202485,70530000"
"2023-11-08,180.77142333984375,181.32493395317235,179.4864793691692,180.23768527185777,49340300"
"2023-11-09,180.29696655273438,181.98714947029399,179.7039109186948,180.84059837026544,53763500"
"2023-11-10,184.4834747314453,184.65174012268164,181.64298820237886,182.07846664625706,66133400"
"2023-11-13,182.8999481201172,184.11729742228064,182.31601793716675,183.9094650326421,43627500"
"2023-11-14,185.5128173828125,186.17592689168708,184.38453902262373,185.7701387274506,60108400"
"2023-11-15,186.07691955566406,187.55160515956638,185.84928859059917,185.91857611582427,53790500"
"2023-11-16,187.7594757080078,188.9966236513369,186.7103615664657,187.6209157424311,54412900"
"2023-11-17,187.7396697998047,188.42257785422723,186.63119011836693,188.29390964052354,50922700"
"2023-11-20,189.4815673828125,189.93684445013852,187.92771748948175,187.93760923589429,46505100"
"2023-11-21,188.67990112304688,189.55085808280586,187.78916067013205,189.44198846283598,38134500"
"2023-11-22,189.34300231933594,190.9463411053134,188.8679417719912,189.52115946327928,39617700"
"2023-11-24,188.0167999267578,188.93723076179566,187.30420149232032,188.90754041885276,24048300"
"2023-11-27,187.83860778808594,188.70956462396614,186.9577592070347,187.96727598481397,40552600"
"2023-11-28,188.44236755371094,189.11538388382388,187.45264920500045,187.82874701011957,38415400"
"2023-11-29,187.42294311523438,190.11497800569174,187.02706184977393,188.93721085337887,43014200"
"2023-11-30,187.99697875976562,188.36318478193425,186.2550800746654,187.888109148078,48794400"
"2023-12-01,189.2737579345703,189.59045997908729,187.28441422563267,188.3731105390764,45704800"
"2023-12-04,187.48233032226562,188.09596593756666,185.52269231677565,188.02667840765253,43389500"
"2023-12-05,191.43130493164062,192.40122460244103,188.22461231756913,188.25431775925796,66628400"
"2023-12-06,190.34262084960938,192.7575206909756,190.1347733725338,192.45071045016567,41089700"
"2023-12-07,192.2725830078125,192.99507315570867,191.59956669458757,191.63916388460834,47477700"
"2023-12-08,193.69778442382812,193.9749043529612,191.67875053796885,192.20330005396386,53406400"
"2023-12-11,191.19378662109375,191.50061200003438,189.45188773429211,191.12451418849048,60943700"
"2023-12-12,192.70806884765625,192.71796059458774,189.7488055095461,191.09482308550778,52696900"
"2023-12-13,195.92462158203125,195.96420366520786,192.84659737493098,193.08412007779322,70404200"
"2023-12-14,196.07310485839844,197.567574144968,194.14315707722483,195.98403383047588,66831600"
"2023-12-15,195.53866577148438,196.36011872958818,194.9745190512041,195.4990685795855,128538400"
"2023-12-18,193.8759307861328,194.6083278162061,192.39135323196817,194.07387143964067,55751900"
"2023-12-19,194.91513061523438,194.92502236186388,193.87592334681435,194.1431515248431,40714100"
"2023-12-20,192.82681274414062,195.64750075817219,192.82681274414062,194.87552171417178,52242800"
"2023-12-21,192.6783447265625,195.0536776254948,191.51048442189503,194.08375795359612,46482500"
"2023-12-22,191.60948181152344,193.4008696387368,190.98595440796598,193.17322354105164,37149600"
"2023-12-26,191.06512451171875,191.89648427525853,190.84738527337694,191.6193643540786,28919300"
"2023-12-27,191.16409301757812,191.5105004803971,189.12527563548673,190.5108903848591,48087700"
"2023-12-28,191.5896759033203,192.65857351066379,191.18388776405135,192.14391575114956,34049900"
"2023-12-29,190.5504608154297,192.40122918172025,189.758683164504,191.9063700376295,42672100"
